tick,time,code,action,bus,servicer_id,service_index,request_type,request_id,target_request_id,request_status,request_response,sequence,<values>
7,0.007,C,submit,bs1,aileron_controller2,0,RequestService,aileron_controller2#1,,UNBOUND
7,0.007,C,submit,aileron_controller2_bus,aileron1,0,RequestService,aileron1#2,,UNBOUND
7,0.007,D,respond,aileron_controller2_bus,aileron1,0,RequestService,aileron1#2,,,ACCEPTED_SERVICING
7,0.007,C,submit,aileron_controller2_bus,aileron3,0,RequestService,aileron3#3,,UNBOUND
7,0.007,D,respond,aileron_controller2_bus,aileron3,0,RequestService,aileron3#3,,,ACCEPTED_SERVICING
7,0.007,C,submit,aileron_controller2_bus,aileron5,0,RequestService,aileron5#4,,UNBOUND
7,0.007,D,respond,aileron_controller2_bus,aileron5,0,RequestService,aileron5#4,,,ACCEPTED_SERVICING
7,0.007,C,submit,aileron_controller2_bus,aileron7,0,RequestService,aileron7#5,,UNBOUND
7,0.007,D,respond,aileron_controller2_bus,aileron7,0,RequestService,aileron7#5,,,ACCEPTED_SERVICING
7,0.007,C,submit,aileron_controller2_bus,aileron8,0,RequestService,aileron8#6,,UNBOUND
7,0.007,D,respond,aileron_controller2_bus,aileron8,0,RequestService,aileron8#6,,,ACCEPTED_SERVICING
7,0.007,C,submit,aileron_controller2_bus,aileron6,0,RequestService,aileron6#7,,UNBOUND
7,0.007,D,respond,aileron_controller2_bus,aileron6,0,RequestService,aileron6#7,,,ACCEPTED_SERVICING
7,0.007,C,submit,aileron_controller2_bus,aileron4,0,RequestService,aileron4#8,,UNBOUND
7,0.007,D,respond,aileron_controller2_bus,aileron4,0,RequestService,aileron4#8,,,ACCEPTED_SERVICING
7,0.007,C,submit,aileron_controller2_bus,aileron2,0,RequestService,aileron2#9,,UNBOUND
7,0.007,D,respond,aileron_controller2_bus,aileron2,0,RequestService,aileron2#9,,,ACCEPTED_SERVICING
7,0.007,D,respond,bs1,aileron_controller2,0,RequestService,aileron_controller2#1,,,ACCEPTED_SERVICING
7,0.007,B,notify,aileron_controller2_bus,aileron1,1,RequestService,aileron1#2,,SERVICE,
7,0.007,B,service,aileron_controller2_bus,aileron1,1,RequestService,aileron1#2,,SERVICE,,0,_valueCurrent=,0.0,valueTarget=,45.0,_speedCurrent=,0.1,speedChange=ACCELERATING,_isTerminating=false,isArrived=false
7,0.007,B,notify,aileron_controller2_bus,aileron2,1,RequestService,aileron2#9,,SERVICE,
7,0.007,B,service,aileron_controller2_bus,aileron2,1,RequestService,aileron2#9,,SERVICE,,1,_valueCurrent=,0.0,valueTarget=,-45.0,_speedCurrent=,0.1,speedChange=ACCELERATING,_isTerminating=false,isArrived=false
7,0.007,B,notify,aileron_controller2_bus,aileron3,1,RequestService,aileron3#3,,SERVICE,
7,0.007,B,service,aileron_controller2_bus,aileron3,1,RequestService,aileron3#3,,SERVICE,,2,_valueCurrent=,0.0,valueTarget=,45.0,_speedCurrent=,0.15,speedChange=ACCELERATING,_isTerminating=false,isArrived=false
7,0.007,B,notify,aileron_controller2_bus,aileron4,1,RequestService,aileron4#8,,SERVICE,
7,0.007,B,service,aileron_controller2_bus,aileron4,1,RequestService,aileron4#8,,SERVICE,,3,_valueCurrent=,0.0,valueTarget=,-45.0,_speedCurrent=,0.15,speedChange=ACCELERATING,_isTerminating=false,isArrived=false
7,0.007,B,notify,aileron_controller2_bus,aileron5,1,RequestService,aileron5#4,,SERVICE,
7,0.007,B,service,aileron_controller2_bus,aileron5,1,RequestService,aileron5#4,,SERVICE,,4,_valueCurrent=,0.0,valueTarget=,45.0,_speedCurrent=,0.2,speedChange=ACCELERATING,_isTerminating=false,isArrived=false
7,0.007,B,notify,aileron_controller2_bus,aileron6,1,RequestService,aileron6#7,,SERVICE,
7,0.007,B,service,aileron_controller2_bus,aileron6,1,RequestService,aileron6#7,,SERVICE,,5,_valueCurrent=,0.0,valueTarget=,-45.0,_speedCurrent=,0.2,speedChange=ACCELERATING,_isTerminating=false,isArrived=false
7,0.007,B,notify,aileron_controller2_bus,aileron7,1,RequestService,aileron7#5,,SERVICE,
7,0.007,B,service,aileron_controller2_bus,aileron7,1,RequestService,aileron7#5,,SERVICE,,6,_valueCurrent=,0.0,valueTarget=,45.0,_speedCurrent=,0.25,speedChange=ACCELERATING,_isTerminating=false,isArrived=false
7,0.007,B,notify,aileron_controller2_bus,aileron8,1,RequestService,aileron8#6,,SERVICE,
7,0.007,B,service,aileron_controller2_bus,aileron8,1,RequestService,aileron8#6,,SERVICE,,7,_valueCurrent=,0.0,valueTarget=,-45.0,_speedCurrent=,0.25,speedChange=ACCELERATING,_isTerminating=false,isArrived=false
7,0.007,B,notify,bs1,aileron_controller2,1,RequestService,aileron_controller2#1,,SERVICE,
8,0.008,C,submit,bs1,aileron_controller2,0,RequestService,aileron_controller2#10,,UNBOUND
8,0.008,B,notify,bs1,aileron_controller2,0,RequestService,aileron_controller2#10,,TERMINATE,
8,0.008,C,submit,aileron_controller2_bus,aileron1,0,RequestService,aileron1#11,,UNBOUND
8,0.008,B,notify,aileron_controller2_bus,aileron1,0,RequestService,aileron1#11,,TERMINATE,
8,0.008,D,respond,aileron_controller2_bus,aileron1,0,RequestService,aileron1#11,,,ACCEPTED_SERVICING
8,0.008,C,submit,aileron_controller2_bus,aileron3,0,RequestService,aileron3#12,,UNBOUND
8,0.008,B,notify,aileron_controller2_bus,aileron3,0,RequestService,aileron3#12,,TERMINATE,
8,0.008,D,respond,aileron_controller2_bus,aileron3,0,RequestService,aileron3#12,,,ACCEPTED_SERVICING
8,0.008,C,submit,aileron_controller2_bus,aileron5,0,RequestService,aileron5#13,,UNBOUND
8,0.008,B,notify,aileron_controller2_bus,aileron5,0,RequestService,aileron5#13,,TERMINATE,
8,0.008,D,respond,aileron_controller2_bus,aileron5,0,RequestService,aileron5#13,,,ACCEPTED_SERVICING
8,0.008,C,submit,aileron_controller2_bus,aileron7,0,RequestService,aileron7#14,,UNBOUND
8,0.008,B,notify,aileron_controller2_bus,aileron7,0,RequestService,aileron7#14,,TERMINATE,
8,0.008,D,respond,aileron_controller2_bus,aileron7,0,RequestService,aileron7#14,,,ACCEPTED_SERVICING
8,0.008,C,submit,aileron_controller2_bus,aileron8,0,RequestService,aileron8#15,,UNBOUND
8,0.008,B,notify,aileron_controller2_bus,aileron8,0,RequestService,aileron8#15,,TERMINATE,
8,0.008,D,respond,aileron_controller2_bus,aileron8,0,RequestService,aileron8#15,,,ACCEPTED_SERVICING
8,0.008,C,submit,aileron_controller2_bus,aileron6,0,RequestService,aileron6#16,,UNBOUND
8,0.008,B,notify,aileron_controller2_bus,aileron6,0,RequestService,aileron6#16,,TERMINATE,
8,0.008,D,respond,aileron_controller2_bus,aileron6,0,RequestService,aileron6#16,,,ACCEPTED_SERVICING
8,0.008,C,submit,aileron_controller2_bus,aileron4,0,RequestService,aileron4#17,,UNBOUND
8,0.008,B,notify,aileron_controller2_bus,aileron4,0,RequestService,aileron4#17,,TERMINATE,
8,0.008,D,respond,aileron_controller2_bus,aileron4,0,RequestService,aileron4#17,,,ACCEPTED_SERVICING
8,0.008,C,submit,aileron_controller2_bus,aileron2,0,RequestService,aileron2#18,,UNBOUND
8,0.008,B,notify,aileron_controller2_bus,aileron2,0,RequestService,aileron2#18,,TERMINATE,
8,0.008,D,respond,aileron_controller2_bus,aileron2,0,RequestService,aileron2#18,,,ACCEPTED_SERVICING
8,0.008,D,respond,bs1,aileron_controller2,0,RequestService,aileron_controller2#10,,,ACCEPTED_SERVICING
8,0.008,B,notify,aileron_controller2_bus,aileron1,2,RequestService,aileron1#2,,SERVICE,
8,0.008,B,service,aileron_controller2_bus,aileron1,2,RequestService,aileron1#2,,SERVICE,,8,_valueCurrent=,0.1,valueTarget=,45.0,_speedCurrent=,0.1,speedChange=NONE,_isTerminating=true,isArrived=true
8,0.008,C,submit,aileron_controller2_bus,aileron1,0,RequestCancel,aileron1#19,aileron1#2,UNBOUND
8,0.008,B,notify,aileron_controller2_bus,aileron1,2,RequestService,aileron1#2,,CANCEL,
8,0.008,D,respond,aileron_controller2_bus,aileron1,0,RequestCancel,aileron1#19,aileron1#2,,ACCEPTED_SERVICING
8,0.008,B,notify,aileron_controller2_bus,aileron2,2,RequestService,aileron2#9,,SERVICE,
8,0.008,B,service,aileron_controller2_bus,aileron2,2,RequestService,aileron2#9,,SERVICE,,9,_valueCurrent=,-0.1,valueTarget=,-45.0,_speedCurrent=,0.1,speedChange=NONE,_isTerminating=true,isArrived=true
8,0.008,C,submit,aileron_controller2_bus,aileron2,0,RequestCancel,aileron2#20,aileron2#9,UNBOUND
8,0.008,B,notify,aileron_controller2_bus,aileron2,2,RequestService,aileron2#9,,CANCEL,
8,0.008,D,respond,aileron_controller2_bus,aileron2,0,RequestCancel,aileron2#20,aileron2#9,,ACCEPTED_SERVICING
8,0.008,B,notify,aileron_controller2_bus,aileron3,2,RequestService,aileron3#3,,SERVICE,
8,0.008,B,service,aileron_controller2_bus,aileron3,2,RequestService,aileron3#3,,SERVICE,,10,_valueCurrent=,0.15,valueTarget=,45.0,_speedCurrent=,0.15,speedChange=NONE,_isTerminating=true,isArrived=true
8,0.008,C,submit,aileron_controller2_bus,aileron3,0,RequestCancel,aileron3#21,aileron3#3,UNBOUND
8,0.008,B,notify,aileron_controller2_bus,aileron3,2,RequestService,aileron3#3,,CANCEL,
8,0.008,D,respond,aileron_controller2_bus,aileron3,0,RequestCancel,aileron3#21,aileron3#3,,ACCEPTED_SERVICING
8,0.008,B,notify,aileron_controller2_bus,aileron4,2,RequestService,aileron4#8,,SERVICE,
8,0.008,B,service,aileron_controller2_bus,aileron4,2,RequestService,aileron4#8,,SERVICE,,11,_valueCurrent=,-0.15,valueTarget=,-45.0,_speedCurrent=,0.15,speedChange=NONE,_isTerminating=true,isArrived=true
8,0.008,C,submit,aileron_controller2_bus,aileron4,0,RequestCancel,aileron4#22,aileron4#8,UNBOUND
8,0.008,B,notify,aileron_controller2_bus,aileron4,2,RequestService,aileron4#8,,CANCEL,
8,0.008,D,respond,aileron_controller2_bus,aileron4,0,RequestCancel,aileron4#22,aileron4#8,,ACCEPTED_SERVICING
8,0.008,B,notify,aileron_controller2_bus,aileron5,2,RequestService,aileron5#4,,SERVICE,
8,0.008,B,service,aileron_controller2_bus,aileron5,2,RequestService,aileron5#4,,SERVICE,,12,_valueCurrent=,0.2,valueTarget=,45.0,_speedCurrent=,0.2,speedChange=NONE,_isTerminating=true,isArrived=true
8,0.008,C,submit,aileron_controller2_bus,aileron5,0,RequestCancel,aileron5#23,aileron5#4,UNBOUND
8,0.008,B,notify,aileron_controller2_bus,aileron5,2,RequestService,aileron5#4,,CANCEL,
8,0.008,D,respond,aileron_controller2_bus,aileron5,0,RequestCancel,aileron5#23,aileron5#4,,ACCEPTED_SERVICING
8,0.008,B,notify,aileron_controller2_bus,aileron6,2,RequestService,aileron6#7,,SERVICE,
8,0.008,B,service,aileron_controller2_bus,aileron6,2,RequestService,aileron6#7,,SERVICE,,13,_valueCurrent=,-0.2,valueTarget=,-45.0,_speedCurrent=,0.2,speedChange=NONE,_isTerminating=true,isArrived=true
8,0.008,C,submit,aileron_controller2_bus,aileron6,0,RequestCancel,aileron6#24,aileron6#7,UNBOUND
8,0.008,B,notify,aileron_controller2_bus,aileron6,2,RequestService,aileron6#7,,CANCEL,
8,0.008,D,respond,aileron_controller2_bus,aileron6,0,RequestCancel,aileron6#24,aileron6#7,,ACCEPTED_SERVICING
8,0.008,B,notify,aileron_controller2_bus,aileron7,2,RequestService,aileron7#5,,SERVICE,
8,0.008,B,service,aileron_controller2_bus,aileron7,2,RequestService,aileron7#5,,SERVICE,,14,_valueCurrent=,0.25,valueTarget=,45.0,_speedCurrent=,0.25,speedChange=NONE,_isTerminating=true,isArrived=true
8,0.008,C,submit,aileron_controller2_bus,aileron7,0,RequestCancel,aileron7#25,aileron7#5,UNBOUND
8,0.008,B,notify,aileron_controller2_bus,aileron7,2,RequestService,aileron7#5,,CANCEL,
8,0.008,D,respond,aileron_controller2_bus,aileron7,0,RequestCancel,aileron7#25,aileron7#5,,ACCEPTED_SERVICING
8,0.008,B,notify,aileron_controller2_bus,aileron8,2,RequestService,aileron8#6,,SERVICE,
8,0.008,B,service,aileron_controller2_bus,aileron8,2,RequestService,aileron8#6,,SERVICE,,15,_valueCurrent=,-0.25,valueTarget=,-45.0,_speedCurrent=,0.25,speedChange=NONE,_isTerminating=true,isArrived=true
8,0.008,C,submit,aileron_controller2_bus,aileron8,0,RequestCancel,aileron8#26,aileron8#6,UNBOUND
8,0.008,B,notify,aileron_controller2_bus,aileron8,2,RequestService,aileron8#6,,CANCEL,
8,0.008,D,respond,aileron_controller2_bus,aileron8,0,RequestCancel,aileron8#26,aileron8#6,,ACCEPTED_SERVICING
8,0.008,B,notify,bs1,aileron_controller2,2,RequestService,aileron_controller2#1,,SERVICE,
9,0.009,B,notify,aileron_controller2_bus,aileron1,1,RequestService,aileron1#11,,SERVICE,
9,0.009,B,service,aileron_controller2_bus,aileron1,1,RequestService,aileron1#11,,SERVICE,,16,_valueCurrent=,0.0,valueTarget=,-30.0,_speedCurrent=,0.2,speedChange=ACCELERATING,_isTerminating=false,isArrived=false
9,0.009,B,notify,aileron_controller2_bus,aileron2,1,RequestService,aileron2#18,,SERVICE,
9,0.009,B,service,aileron_controller2_bus,aileron2,1,RequestService,aileron2#18,,SERVICE,,17,_valueCurrent=,0.0,valueTarget=,30.0,_speedCurrent=,0.2,speedChange=ACCELERATING,_isTerminating=false,isArrived=false
9,0.009,B,notify,aileron_controller2_bus,aileron3,1,RequestService,aileron3#12,,SERVICE,
9,0.009,B,service,aileron_controller2_bus,aileron3,1,RequestService,aileron3#12,,SERVICE,,18,_valueCurrent=,0.0,valueTarget=,-30.0,_speedCurrent=,0.3,speedChange=ACCELERATING,_isTerminating=false,isArrived=false
9,0.009,B,notify,aileron_controller2_bus,aileron4,1,RequestService,aileron4#17,,SERVICE,
9,0.009,B,service,aileron_controller2_bus,aileron4,1,RequestService,aileron4#17,,SERVICE,,19,_valueCurrent=,0.0,valueTarget=,30.0,_speedCurrent=,0.3,speedChange=ACCELERATING,_isTerminating=false,isArrived=false
9,0.009,B,notify,aileron_controller2_bus,aileron5,1,RequestService,aileron5#13,,SERVICE,
9,0.009,B,service,aileron_controller2_bus,aileron5,1,RequestService,aileron5#13,,SERVICE,,20,_valueCurrent=,0.0,valueTarget=,-30.0,_speedCurrent=,0.4,speedChange=ACCELERATING,_isTerminating=false,isArrived=false
9,0.009,B,notify,aileron_controller2_bus,aileron6,1,RequestService,aileron6#16,,SERVICE,
9,0.009,B,service,aileron_controller2_bus,aileron6,1,RequestService,aileron6#16,,SERVICE,,21,_valueCurrent=,0.0,valueTarget=,30.0,_speedCurrent=,0.4,speedChange=ACCELERATING,_isTerminating=false,isArrived=false
9,0.009,B,notify,aileron_controller2_bus,aileron7,1,RequestService,aileron7#14,,SERVICE,
9,0.009,B,service,aileron_controller2_bus,aileron7,1,RequestService,aileron7#14,,SERVICE,,22,_valueCurrent=,0.0,valueTarget=,-30.0,_speedCurrent=,0.5,speedChange=ACCELERATING,_isTerminating=false,isArrived=false
9,0.009,B,notify,aileron_controller2_bus,aileron8,1,RequestService,aileron8#15,,SERVICE,
9,0.009,B,service,aileron_controller2_bus,aileron8,1,RequestService,aileron8#15,,SERVICE,,23,_valueCurrent=,0.0,valueTarget=,30.0,_speedCurrent=,0.5,speedChange=ACCELERATING,_isTerminating=false,isArrived=false
9,0.009,B,notify,bs1,aileron_controller2,3,RequestService,aileron_controller2#1,,SERVICE,
10,0.010,B,notify,aileron_controller2_bus,aileron1,2,RequestService,aileron1#11,,SERVICE,
10,0.010,B,service,aileron_controller2_bus,aileron1,2,RequestService,aileron1#11,,SERVICE,,24,_valueCurrent=,-0.2,valueTarget=,-30.0,_speedCurrent=,0.30000000000000004,speedChange=ACCELERATING,_isTerminating=false,isArrived=false
10,0.010,B,notify,aileron_controller2_bus,aileron2,2,RequestService,aileron2#18,,SERVICE,
10,0.010,B,service,aileron_controller2_bus,aileron2,2,RequestService,aileron2#18,,SERVICE,,25,_valueCurrent=,0.2,valueTarget=,30.0,_speedCurrent=,0.30000000000000004,speedChange=ACCELERATING,_isTerminating=false,isArrived=false
10,0.010,B,notify,aileron_controller2_bus,aileron3,2,RequestService,aileron3#12,,SERVICE,
10,0.010,B,service,aileron_controller2_bus,aileron3,2,RequestService,aileron3#12,,SERVICE,,26,_valueCurrent=,-0.3,valueTarget=,-30.0,_speedCurrent=,0.44999999999999996,speedChange=ACCELERATING,_isTerminating=false,isArrived=false
10,0.010,B,notify,aileron_controller2_bus,aileron4,2,RequestService,aileron4#17,,SERVICE,
10,0.010,B,service,aileron_controller2_bus,aileron4,2,RequestService,aileron4#17,,SERVICE,,27,_valueCurrent=,0.3,valueTarget=,30.0,_speedCurrent=,0.44999999999999996,speedChange=ACCELERATING,_isTerminating=false,isArrived=false
10,0.010,B,notify,aileron_controller2_bus,aileron5,2,RequestService,aileron5#13,,SERVICE,
10,0.010,B,service,aileron_controller2_bus,aileron5,2,RequestService,aileron5#13,,SERVICE,,28,_valueCurrent=,-0.4,valueTarget=,-30.0,_speedCurrent=,0.6000000000000001,speedChange=ACCELERATING,_isTerminating=false,isArrived=false
10,0.010,B,notify,aileron_controller2_bus,aileron6,2,RequestService,aileron6#16,,SERVICE,
10,0.010,B,service,aileron_controller2_bus,aileron6,2,RequestService,aileron6#16,,SERVICE,,29,_valueCurrent=,0.4,valueTarget=,30.0,_speedCurrent=,0.6000000000000001,speedChange=ACCELERATING,_isTerminating=false,isArrived=false
10,0.010,B,notify,aileron_controller2_bus,aileron7,2,RequestService,aileron7#14,,SERVICE,
10,0.010,B,service,aileron_controller2_bus,aileron7,2,RequestService,aileron7#14,,SERVICE,,30,_valueCurrent=,-0.5,valueTarget=,-30.0,_speedCurrent=,0.75,speedChange=ACCELERATING,_isTerminating=false,isArrived=false
10,0.010,B,notify,aileron_controller2_bus,aileron8,2,RequestService,aileron8#15,,SERVICE,
10,0.010,B,service,aileron_controller2_bus,aileron8,2,RequestService,aileron8#15,,SERVICE,,31,_valueCurrent=,0.5,valueTarget=,30.0,_speedCurrent=,0.75,speedChange=ACCELERATING,_isTerminating=false,isArrived=false
10,0.010,B,notify,bs1,aileron_controller2,4,RequestService,aileron_controller2#1,,SERVICE,
11,0.011,B,notify,aileron_controller2_bus,aileron1,3,RequestService,aileron1#11,,SERVICE,
11,0.011,B,service,aileron_controller2_bus,aileron1,3,RequestService,aileron1#11,,SERVICE,,32,_valueCurrent=,-0.5,valueTarget=,-30.0,_speedCurrent=,0.4,speedChange=ACCELERATING,_isTerminating=false,isArrived=false
11,0.011,B,notify,aileron_controller2_bus,aileron2,3,RequestService,aileron2#18,,SERVICE,
11,0.011,B,service,aileron_controller2_bus,aileron2,3,RequestService,aileron2#18,,SERVICE,,33,_valueCurrent=,0.5,valueTarget=,30.0,_speedCurrent=,0.4,speedChange=ACCELERATING,_isTerminating=false,isArrived=false
11,0.011,B,notify,aileron_controller2_bus,aileron3,3,RequestService,aileron3#12,,SERVICE,
11,0.011,B,service,aileron_controller2_bus,aileron3,3,RequestService,aileron3#12,,SERVICE,,34,_valueCurrent=,-0.75,valueTarget=,-30.0,_speedCurrent=,0.6,speedChange=ACCELERATING,_isTerminating=false,isArrived=false
11,0.011,B,notify,aileron_controller2_bus,aileron4,3,RequestService,aileron4#17,,SERVICE,
11,0.011,B,service,aileron_controller2_bus,aileron4,3,RequestService,aileron4#17,,SERVICE,,35,_valueCurrent=,0.75,valueTarget=,30.0,_speedCurrent=,0.6,speedChange=ACCELERATING,_isTerminating=false,isArrived=false
11,0.011,B,notify,aileron_controller2_bus,aileron5,3,RequestService,aileron5#13,,SERVICE,
11,0.011,B,service,aileron_controller2_bus,aileron5,3,RequestService,aileron5#13,,SERVICE,,36,_valueCurrent=,-1.0,valueTarget=,-30.0,_speedCurrent=,0.8,speedChange=ACCELERATING,_isTerminating=false,isArrived=false
11,0.011,B,notify,aileron_controller2_bus,aileron6,3,RequestService,aileron6#16,,SERVICE,
11,0.011,B,service,aileron_controller2_bus,aileron6,3,RequestService,aileron6#16,,SERVICE,,37,_valueCurrent=,1.0,valueTarget=,30.0,_speedCurrent=,0.8,speedChange=ACCELERATING,_isTerminating=false,isArrived=false
11,0.011,B,notify,aileron_controller2_bus,aileron7,3,RequestService,aileron7#14,,SERVICE,
11,0.011,B,service,aileron_controller2_bus,aileron7,3,RequestService,aileron7#14,,SERVICE,,38,_valueCurrent=,-1.25,valueTarget=,-30.0,_speedCurrent=,1.0,speedChange=ACCELERATING,_isTerminating=false,isArrived=false
11,0.011,B,notify,aileron_controller2_bus,aileron8,3,RequestService,aileron8#15,,SERVICE,
11,0.011,B,service,aileron_controller2_bus,aileron8,3,RequestService,aileron8#15,,SERVICE,,39,_valueCurrent=,1.25,valueTarget=,30.0,_speedCurrent=,1.0,speedChange=ACCELERATING,_isTerminating=false,isArrived=false
11,0.011,B,notify,bs1,aileron_controller2,5,RequestService,aileron_controller2#1,,SERVICE,
12,0.012,B,notify,aileron_controller2_bus,aileron1,4,RequestService,aileron1#11,,SERVICE,
12,0.012,B,service,aileron_controller2_bus,aileron1,4,RequestService,aileron1#11,,SERVICE,,40,_valueCurrent=,-0.9,valueTarget=,-30.0,_speedCurrent=,0.5,speedChange=ACCELERATING,_isTerminating=false,isArrived=false
12,0.012,B,notify,aileron_controller2_bus,aileron2,4,RequestService,aileron2#18,,SERVICE,
12,0.012,B,service,aileron_controller2_bus,aileron2,4,RequestService,aileron2#18,,SERVICE,,41,_valueCurrent=,0.9,valueTarget=,30.0,_speedCurrent=,0.5,speedChange=ACCELERATING,_isTerminating=false,isArrived=false
12,0.012,B,notify,aileron_controller2_bus,aileron3,4,RequestService,aileron3#12,,SERVICE,
12,0.012,B,service,aileron_controller2_bus,aileron3,4,RequestService,aileron3#12,,SERVICE,,42,_valueCurrent=,-1.35,valueTarget=,-30.0,_speedCurrent=,0.75,speedChange=ACCELERATING,_isTerminating=false,isArrived=false
12,0.012,B,notify,aileron_controller2_bus,aileron4,4,RequestService,aileron4#17,,SERVICE,
12,0.012,B,service,aileron_controller2_bus,aileron4,4,RequestService,aileron4#17,,SERVICE,,43,_valueCurrent=,1.35,valueTarget=,30.0,_speedCurrent=,0.75,speedChange=ACCELERATING,_isTerminating=false,isArrived=false
12,0.012,B,notify,aileron_controller2_bus,aileron5,4,RequestService,aileron5#13,,SERVICE,
12,0.012,B,service,aileron_controller2_bus,aileron5,4,RequestService,aileron5#13,,SERVICE,,44,_valueCurrent=,-1.8,valueTarget=,-30.0,_speedCurrent=,1.0,speedChange=ACCELERATING,_isTerminating=false,isArrived=false
12,0.012,B,notify,aileron_controller2_bus,aileron6,4,RequestService,aileron6#16,,SERVICE,
12,0.012,B,service,aileron_controller2_bus,aileron6,4,RequestService,aileron6#16,,SERVICE,,45,_valueCurrent=,1.8,valueTarget=,30.0,_speedCurrent=,1.0,speedChange=ACCELERATING,_isTerminating=false,isArrived=false
12,0.012,B,notify,aileron_controller2_bus,aileron7,4,RequestService,aileron7#14,,SERVICE,
12,0.012,B,service,aileron_controller2_bus,aileron7,4,RequestService,aileron7#14,,SERVICE,,46,_valueCurrent=,-2.25,valueTarget=,-30.0,_speedCurrent=,1.25,speedChange=ACCELERATING,_isTerminating=false,isArrived=false
12,0.012,B,notify,aileron_controller2_bus,aileron8,4,RequestService,aileron8#15,,SERVICE,
12,0.012,B,service,aileron_controller2_bus,aileron8,4,RequestService,aileron8#15,,SERVICE,,47,_valueCurrent=,2.25,valueTarget=,30.0,_speedCurrent=,1.25,speedChange=ACCELERATING,_isTerminating=false,isArrived=false
12,0.012,B,notify,bs1,aileron_controller2,6,RequestService,aileron_controller2#1,,SERVICE,
13,0.013,B,notify,aileron_controller2_bus,aileron1,5,RequestService,aileron1#11,,SERVICE,
13,0.013,B,service,aileron_controller2_bus,aileron1,5,RequestService,aileron1#11,,SERVICE,,48,_valueCurrent=,-1.4,valueTarget=,-30.0,_speedCurrent=,0.6,speedChange=ACCELERATING,_isTerminating=false,isArrived=false
13,0.013,B,notify,aileron_controller2_bus,aileron2,5,RequestService,aileron2#18,,SERVICE,
13,0.013,B,service,aileron_controller2_bus,aileron2,5,RequestService,aileron2#18,,SERVICE,,49,_valueCurrent=,1.4,valueTarget=,30.0,_speedCurrent=,0.6,speedChange=ACCELERATING,_isTerminating=false,isArrived=false
13,0.013,B,notify,aileron_controller2_bus,aileron3,5,RequestService,aileron3#12,,SERVICE,
13,0.013,B,service,aileron_controller2_bus,aileron3,5,RequestService,aileron3#12,,SERVICE,,50,_valueCurrent=,-2.1,valueTarget=,-30.0,_speedCurrent=,0.9,speedChange=ACCELERATING,_isTerminating=false,isArrived=false
13,0.013,B,notify,aileron_controller2_bus,aileron4,5,RequestService,aileron4#17,,SERVICE,
13,0.013,B,service,aileron_controller2_bus,aileron4,5,RequestService,aileron4#17,,SERVICE,,51,_valueCurrent=,2.1,valueTarget=,30.0,_speedCurrent=,0.9,speedChange=ACCELERATING,_isTerminating=false,isArrived=false
13,0.013,B,notify,aileron_controller2_bus,aileron5,5,RequestService,aileron5#13,,SERVICE,
13,0.013,B,service,aileron_controller2_bus,aileron5,5,RequestService,aileron5#13,,SERVICE,,52,_valueCurrent=,-2.8,valueTarget=,-30.0,_speedCurrent=,1.2,speedChange=ACCELERATING,_isTerminating=false,isArrived=false
13,0.013,B,notify,aileron_controller2_bus,aileron6,5,RequestService,aileron6#16,,SERVICE,
13,0.013,B,service,aileron_controller2_bus,aileron6,5,RequestService,aileron6#16,,SERVICE,,53,_valueCurrent=,2.8,valueTarget=,30.0,_speedCurrent=,1.2,speedChange=ACCELERATING,_isTerminating=false,isArrived=false
13,0.013,B,notify,aileron_controller2_bus,aileron7,5,RequestService,aileron7#14,,SERVICE,
13,0.013,B,service,aileron_controller2_bus,aileron7,5,RequestService,aileron7#14,,SERVICE,,54,_valueCurrent=,-3.5,valueTarget=,-30.0,_speedCurrent=,1.5,speedChange=ACCELERATING,_isTerminating=false,isArrived=false
13,0.013,B,notify,aileron_controller2_bus,aileron8,5,RequestService,aileron8#15,,SERVICE,
13,0.013,B,service,aileron_controller2_bus,aileron8,5,RequestService,aileron8#15,,SERVICE,,55,_valueCurrent=,3.5,valueTarget=,30.0,_speedCurrent=,1.5,speedChange=ACCELERATING,_isTerminating=false,isArrived=false
13,0.013,B,notify,bs1,aileron_controller2,7,RequestService,aileron_controller2#1,,SERVICE,
14,0.014,B,notify,aileron_controller2_bus,aileron1,6,RequestService,aileron1#11,,SERVICE,
14,0.014,B,service,aileron_controller2_bus,aileron1,6,RequestService,aileron1#11,,SERVICE,,56,_valueCurrent=,-2.0,valueTarget=,-30.0,_speedCurrent=,0.7,speedChange=ACCELERATING,_isTerminating=false,isArrived=false
14,0.014,B,notify,aileron_controller2_bus,aileron2,6,RequestService,aileron2#18,,SERVICE,
14,0.014,B,service,aileron_controller2_bus,aileron2,6,RequestService,aileron2#18,,SERVICE,,57,_valueCurrent=,2.0,valueTarget=,30.0,_speedCurrent=,0.7,speedChange=ACCELERATING,_isTerminating=false,isArrived=false
14,0.014,B,notify,aileron_controller2_bus,aileron3,6,RequestService,aileron3#12,,SERVICE,
14,0.014,B,service,aileron_controller2_bus,aileron3,6,RequestService,aileron3#12,,SERVICE,,58,_valueCurrent=,-3.0,valueTarget=,-30.0,_speedCurrent=,1.05,speedChange=ACCELERATING,_isTerminating=false,isArrived=false
14,0.014,B,notify,aileron_controller2_bus,aileron4,6,RequestService,aileron4#17,,SERVICE,
14,0.014,B,service,aileron_controller2_bus,aileron4,6,RequestService,aileron4#17,,SERVICE,,59,_valueCurrent=,3.0,valueTarget=,30.0,_speedCurrent=,1.05,speedChange=ACCELERATING,_isTerminating=false,isArrived=false
14,0.014,B,notify,aileron_controller2_bus,aileron5,6,RequestService,aileron5#13,,SERVICE,
14,0.014,B,service,aileron_controller2_bus,aileron5,6,RequestService,aileron5#13,,SERVICE,,60,_valueCurrent=,-4.0,valueTarget=,-30.0,_speedCurrent=,1.4,speedChange=ACCELERATING,_isTerminating=false,isArrived=false
14,0.014,B,notify,aileron_controller2_bus,aileron6,6,RequestService,aileron6#16,,SERVICE,
14,0.014,B,service,aileron_controller2_bus,aileron6,6,RequestService,aileron6#16,,SERVICE,,61,_valueCurrent=,4.0,valueTarget=,30.0,_speedCurrent=,1.4,speedChange=ACCELERATING,_isTerminating=false,isArrived=false
14,0.014,B,notify,aileron_controller2_bus,aileron7,6,RequestService,aileron7#14,,SERVICE,
14,0.014,B,service,aileron_controller2_bus,aileron7,6,RequestService,aileron7#14,,SERVICE,,62,_valueCurrent=,-5.0,valueTarget=,-30.0,_speedCurrent=,1.75,speedChange=ACCELERATING,_isTerminating=false,isArrived=false
14,0.014,B,notify,aileron_controller2_bus,aileron8,6,RequestService,aileron8#15,,SERVICE,
14,0.014,B,service,aileron_controller2_bus,aileron8,6,RequestService,aileron8#15,,SERVICE,,63,_valueCurrent=,5.0,valueTarget=,30.0,_speedCurrent=,1.75,speedChange=ACCELERATING,_isTerminating=false,isArrived=false
14,0.014,B,notify,bs1,aileron_controller2,8,RequestService,aileron_controller2#1,,SERVICE,
15,0.015,B,notify,aileron_controller2_bus,aileron1,7,RequestService,aileron1#11,,SERVICE,
15,0.015,B,service,aileron_controller2_bus,aileron1,7,RequestService,aileron1#11,,SERVICE,,64,_valueCurrent=,-2.7,valueTarget=,-30.0,_speedCurrent=,0.7999999999999999,speedChange=ACCELERATING,_isTerminating=false,isArrived=false
15,0.015,B,notify,aileron_controller2_bus,aileron2,7,RequestService,aileron2#18,,SERVICE,
15,0.015,B,service,aileron_controller2_bus,aileron2,7,RequestService,aileron2#18,,SERVICE,,65,_valueCurrent=,2.7,valueTarget=,30.0,_speedCurrent=,0.7999999999999999,speedChange=ACCELERATING,_isTerminating=false,isArrived=false
15,0.015,B,notify,aileron_controller2_bus,aileron3,7,RequestService,aileron3#12,,SERVICE,
15,0.015,B,service,aileron_controller2_bus,aileron3,7,RequestService,aileron3#12,,SERVICE,,66,_valueCurrent=,-4.05,valueTarget=,-30.0,_speedCurrent=,1.2,speedChange=ACCELERATING,_isTerminating=false,isArrived=false
15,0.015,B,notify,aileron_controller2_bus,aileron4,7,RequestService,aileron4#17,,SERVICE,
15,0.015,B,service,aileron_controller2_bus,aileron4,7,RequestService,aileron4#17,,SERVICE,,67,_valueCurrent=,4.05,valueTarget=,30.0,_speedCurrent=,1.2,speedChange=ACCELERATING,_isTerminating=false,isArrived=false
15,0.015,B,notify,aileron_controller2_bus,aileron5,7,RequestService,aileron5#13,,SERVICE,
15,0.015,B,service,aileron_controller2_bus,aileron5,7,RequestService,aileron5#13,,SERVICE,,68,_valueCurrent=,-5.4,valueTarget=,-30.0,_speedCurrent=,1.5999999999999999,speedChange=ACCELERATING,_isTerminating=false,isArrived=false
15,0.015,B,notify,aileron_controller2_bus,aileron6,7,RequestService,aileron6#16,,SERVICE,
15,0.015,B,service,aileron_controller2_bus,aileron6,7,RequestService,aileron6#16,,SERVICE,,69,_valueCurrent=,5.4,valueTarget=,30.0,_speedCurrent=,1.5999999999999999,speedChange=ACCELERATING,_isTerminating=false,isArrived=false
15,0.015,B,notify,aileron_controller2_bus,aileron7,7,RequestService,aileron7#14,,SERVICE,
15,0.015,B,service,aileron_controller2_bus,aileron7,7,RequestService,aileron7#14,,SERVICE,,70,_valueCurrent=,-6.75,valueTarget=,-30.0,_speedCurrent=,2.0,speedChange=ACCELERATING,_isTerminating=false,isArrived=false
15,0.015,B,notify,aileron_controller2_bus,aileron8,7,RequestService,aileron8#15,,SERVICE,
15,0.015,B,service,aileron_controller2_bus,aileron8,7,RequestService,aileron8#15,,SERVICE,,71,_valueCurrent=,6.75,valueTarget=,30.0,_speedCurrent=,2.0,speedChange=ACCELERATING,_isTerminating=false,isArrived=false
15,0.015,B,notify,bs1,aileron_controller2,9,RequestService,aileron_controller2#1,,SERVICE,
16,0.016,B,notify,aileron_controller2_bus,aileron1,8,RequestService,aileron1#11,,SERVICE,
16,0.016,B,service,aileron_controller2_bus,aileron1,8,RequestService,aileron1#11,,SERVICE,,72,_valueCurrent=,-3.5,valueTarget=,-30.0,_speedCurrent=,0.8999999999999999,speedChange=ACCELERATING,_isTerminating=false,isArrived=false
16,0.016,B,notify,aileron_controller2_bus,aileron2,8,RequestService,aileron2#18,,SERVICE,
16,0.016,B,service,aileron_controller2_bus,aileron2,8,RequestService,aileron2#18,,SERVICE,,73,_valueCurrent=,3.5,valueTarget=,30.0,_speedCurrent=,0.8999999999999999,speedChange=ACCELERATING,_isTerminating=false,isArrived=false
16,0.016,B,notify,aileron_controller2_bus,aileron3,8,RequestService,aileron3#12,,SERVICE,
16,0.016,B,service,aileron_controller2_bus,aileron3,8,RequestService,aileron3#12,,SERVICE,,74,_valueCurrent=,-5.25,valueTarget=,-30.0,_speedCurrent=,1.3499999999999999,speedChange=ACCELERATING,_isTerminating=false,isArrived=false
16,0.016,B,notify,aileron_controller2_bus,aileron4,8,RequestService,aileron4#17,,SERVICE,
16,0.016,B,service,aileron_controller2_bus,aileron4,8,RequestService,aileron4#17,,SERVICE,,75,_valueCurrent=,5.25,valueTarget=,30.0,_speedCurrent=,1.3499999999999999,speedChange=ACCELERATING,_isTerminating=false,isArrived=false
16,0.016,B,notify,aileron_controller2_bus,aileron5,8,RequestService,aileron5#13,,SERVICE,
16,0.016,B,service,aileron_controller2_bus,aileron5,8,RequestService,aileron5#13,,SERVICE,,76,_valueCurrent=,-7.0,valueTarget=,-30.0,_speedCurrent=,1.7999999999999998,speedChange=ACCELERATING,_isTerminating=false,isArrived=false
16,0.016,B,notify,aileron_controller2_bus,aileron6,8,RequestService,aileron6#16,,SERVICE,
16,0.016,B,service,aileron_controller2_bus,aileron6,8,RequestService,aileron6#16,,SERVICE,,77,_valueCurrent=,7.0,valueTarget=,30.0,_speedCurrent=,1.7999999999999998,speedChange=ACCELERATING,_isTerminating=false,isArrived=false
16,0.016,B,notify,aileron_controller2_bus,aileron7,8,RequestService,aileron7#14,,SERVICE,
16,0.016,B,service,aileron_controller2_bus,aileron7,8,RequestService,aileron7#14,,SERVICE,,78,_valueCurrent=,-8.75,valueTarget=,-30.0,_speedCurrent=,2.0,speedChange=NONE,_isTerminating=false,isArrived=false
16,0.016,B,notify,aileron_controller2_bus,aileron8,8,RequestService,aileron8#15,,SERVICE,
16,0.016,B,service,aileron_controller2_bus,aileron8,8,RequestService,aileron8#15,,SERVICE,,79,_valueCurrent=,8.75,valueTarget=,30.0,_speedCurrent=,2.0,speedChange=NONE,_isTerminating=false,isArrived=false
16,0.016,B,notify,bs1,aileron_controller2,10,RequestService,aileron_controller2#1,,SERVICE,
17,0.017,B,notify,aileron_controller2_bus,aileron1,9,RequestService,aileron1#11,,SERVICE,
17,0.017,B,service,aileron_controller2_bus,aileron1,9,RequestService,aileron1#11,,SERVICE,,80,_valueCurrent=,-4.4,valueTarget=,-30.0,_speedCurrent=,0.9999999999999999,speedChange=ACCELERATING,_isTerminating=false,isArrived=false
17,0.017,B,notify,aileron_controller2_bus,aileron2,9,RequestService,aileron2#18,,SERVICE,
17,0.017,B,service,aileron_controller2_bus,aileron2,9,RequestService,aileron2#18,,SERVICE,,81,_valueCurrent=,4.4,valueTarget=,30.0,_speedCurrent=,0.9999999999999999,speedChange=ACCELERATING,_isTerminating=false,isArrived=false
17,0.017,B,notify,aileron_controller2_bus,aileron3,9,RequestService,aileron3#12,,SERVICE,
17,0.017,B,service,aileron_controller2_bus,aileron3,9,RequestService,aileron3#12,,SERVICE,,82,_valueCurrent=,-6.6,valueTarget=,-30.0,_speedCurrent=,1.4999999999999998,speedChange=ACCELERATING,_isTerminating=false,isArrived=false
17,0.017,B,notify,aileron_controller2_bus,aileron4,9,RequestService,aileron4#17,,SERVICE,
17,0.017,B,service,aileron_controller2_bus,aileron4,9,RequestService,aileron4#17,,SERVICE,,83,_valueCurrent=,6.6,valueTarget=,30.0,_speedCurrent=,1.4999999999999998,speedChange=ACCELERATING,_isTerminating=false,isArrived=false
17,0.017,B,notify,aileron_controller2_bus,aileron5,9,RequestService,aileron5#13,,SERVICE,
17,0.017,B,service,aileron_controller2_bus,aileron5,9,RequestService,aileron5#13,,SERVICE,,84,_valueCurrent=,-8.8,valueTarget=,-30.0,_speedCurrent=,1.7999999999999998,speedChange=NONE,_isTerminating=false,isArrived=false
17,0.017,B,notify,aileron_controller2_bus,aileron6,9,RequestService,aileron6#16,,SERVICE,
17,0.017,B,service,aileron_controller2_bus,aileron6,9,RequestService,aileron6#16,,SERVICE,,85,_valueCurrent=,8.8,valueTarget=,30.0,_speedCurrent=,1.7999999999999998,speedChange=NONE,_isTerminating=false,isArrived=false
17,0.017,B,notify,aileron_controller2_bus,aileron7,9,RequestService,aileron7#14,,SERVICE,
17,0.017,B,service,aileron_controller2_bus,aileron7,9,RequestService,aileron7#14,,SERVICE,,86,_valueCurrent=,-10.75,valueTarget=,-30.0,_speedCurrent=,2.0,speedChange=NONE,_isTerminating=false,isArrived=false
17,0.017,B,notify,aileron_controller2_bus,aileron8,9,RequestService,aileron8#15,,SERVICE,
17,0.017,B,service,aileron_controller2_bus,aileron8,9,RequestService,aileron8#15,,SERVICE,,87,_valueCurrent=,10.75,valueTarget=,30.0,_speedCurrent=,2.0,speedChange=NONE,_isTerminating=false,isArrived=false
17,0.017,B,notify,bs1,aileron_controller2,11,RequestService,aileron_controller2#1,,SERVICE,
18,0.018,B,notify,aileron_controller2_bus,aileron1,10,RequestService,aileron1#11,,SERVICE,
18,0.018,B,service,aileron_controller2_bus,aileron1,10,RequestService,aileron1#11,,SERVICE,,88,_valueCurrent=,-5.4,valueTarget=,-30.0,_speedCurrent=,1.0999999999999999,speedChange=ACCELERATING,_isTerminating=false,isArrived=false
18,0.018,B,notify,aileron_controller2_bus,aileron2,10,RequestService,aileron2#18,,SERVICE,
18,0.018,B,service,aileron_controller2_bus,aileron2,10,RequestService,aileron2#18,,SERVICE,,89,_valueCurrent=,5.4,valueTarget=,30.0,_speedCurrent=,1.0999999999999999,speedChange=ACCELERATING,_isTerminating=false,isArrived=false
18,0.018,B,notify,aileron_controller2_bus,aileron3,10,RequestService,aileron3#12,,SERVICE,
18,0.018,B,service,aileron_controller2_bus,aileron3,10,RequestService,aileron3#12,,SERVICE,,90,_valueCurrent=,-8.1,valueTarget=,-30.0,_speedCurrent=,1.4999999999999998,speedChange=NONE,_isTerminating=false,isArrived=false
18,0.018,B,notify,aileron_controller2_bus,aileron4,10,RequestService,aileron4#17,,SERVICE,
18,0.018,B,service,aileron_controller2_bus,aileron4,10,RequestService,aileron4#17,,SERVICE,,91,_valueCurrent=,8.1,valueTarget=,30.0,_speedCurrent=,1.4999999999999998,speedChange=NONE,_isTerminating=false,isArrived=false
18,0.018,B,notify,aileron_controller2_bus,aileron5,10,RequestService,aileron5#13,,SERVICE,
18,0.018,B,service,aileron_controller2_bus,aileron5,10,RequestService,aileron5#13,,SERVICE,,92,_valueCurrent=,-10.600000000000001,valueTarget=,-30.0,_speedCurrent=,1.7999999999999998,speedChange=NONE,_isTerminating=false,isArrived=false
18,0.018,B,notify,aileron_controller2_bus,aileron6,10,RequestService,aileron6#16,,SERVICE,
18,0.018,B,service,aileron_controller2_bus,aileron6,10,RequestService,aileron6#16,,SERVICE,,93,_valueCurrent=,10.600000000000001,valueTarget=,30.0,_speedCurrent=,1.7999999999999998,speedChange=NONE,_isTerminating=false,isArrived=false
18,0.018,B,notify,aileron_controller2_bus,aileron7,10,RequestService,aileron7#14,,SERVICE,
18,0.018,B,service,aileron_controller2_bus,aileron7,10,RequestService,aileron7#14,,SERVICE,,94,_valueCurrent=,-12.75,valueTarget=,-30.0,_speedCurrent=,2.0,speedChange=NONE,_isTerminating=false,isArrived=false
18,0.018,B,notify,aileron_controller2_bus,aileron8,10,RequestService,aileron8#15,,SERVICE,
18,0.018,B,service,aileron_controller2_bus,aileron8,10,RequestService,aileron8#15,,SERVICE,,95,_valueCurrent=,12.75,valueTarget=,30.0,_speedCurrent=,2.0,speedChange=NONE,_isTerminating=false,isArrived=false
18,0.018,B,notify,bs1,aileron_controller2,12,RequestService,aileron_controller2#1,,SERVICE,
19,0.019,B,notify,aileron_controller2_bus,aileron1,11,RequestService,aileron1#11,,SERVICE,
19,0.019,B,service,aileron_controller2_bus,aileron1,11,RequestService,aileron1#11,,SERVICE,,96,_valueCurrent=,-6.5,valueTarget=,-30.0,_speedCurrent=,1.2,speedChange=ACCELERATING,_isTerminating=false,isArrived=false
19,0.019,B,notify,aileron_controller2_bus,aileron2,11,RequestService,aileron2#18,,SERVICE,
19,0.019,B,service,aileron_controller2_bus,aileron2,11,RequestService,aileron2#18,,SERVICE,,97,_valueCurrent=,6.5,valueTarget=,30.0,_speedCurrent=,1.2,speedChange=ACCELERATING,_isTerminating=false,isArrived=false
19,0.019,B,notify,aileron_controller2_bus,aileron3,11,RequestService,aileron3#12,,SERVICE,
19,0.019,B,service,aileron_controller2_bus,aileron3,11,RequestService,aileron3#12,,SERVICE,,98,_valueCurrent=,-9.6,valueTarget=,-30.0,_speedCurrent=,1.4999999999999998,speedChange=NONE,_isTerminating=false,isArrived=false
19,0.019,B,notify,aileron_controller2_bus,aileron4,11,RequestService,aileron4#17,,SERVICE,
19,0.019,B,service,aileron_controller2_bus,aileron4,11,RequestService,aileron4#17,,SERVICE,,99,_valueCurrent=,9.6,valueTarget=,30.0,_speedCurrent=,1.4999999999999998,speedChange=NONE,_isTerminating=false,isArrived=false
19,0.019,B,notify,aileron_controller2_bus,aileron5,11,RequestService,aileron5#13,,SERVICE,
19,0.019,B,service,aileron_controller2_bus,aileron5,11,RequestService,aileron5#13,,SERVICE,,100,_valueCurrent=,-12.400000000000002,valueTarget=,-30.0,_speedCurrent=,1.7999999999999998,speedChange=NONE,_isTerminating=false,isArrived=false
19,0.019,B,notify,aileron_controller2_bus,aileron6,11,RequestService,aileron6#16,,SERVICE,
19,0.019,B,service,aileron_controller2_bus,aileron6,11,RequestService,aileron6#16,,SERVICE,,101,_valueCurrent=,12.400000000000002,valueTarget=,30.0,_speedCurrent=,1.7999999999999998,speedChange=NONE,_isTerminating=false,isArrived=false
19,0.019,B,notify,aileron_controller2_bus,aileron7,11,RequestService,aileron7#14,,SERVICE,
19,0.019,B,service,aileron_controller2_bus,aileron7,11,RequestService,aileron7#14,,SERVICE,,102,_valueCurrent=,-14.75,valueTarget=,-30.0,_speedCurrent=,2.0,speedChange=NONE,_isTerminating=false,isArrived=false
19,0.019,B,notify,aileron_controller2_bus,aileron8,11,RequestService,aileron8#15,,SERVICE,
19,0.019,B,service,aileron_controller2_bus,aileron8,11,RequestService,aileron8#15,,SERVICE,,103,_valueCurrent=,14.75,valueTarget=,30.0,_speedCurrent=,2.0,speedChange=NONE,_isTerminating=false,isArrived=false
19,0.019,B,notify,bs1,aileron_controller2,13,RequestService,aileron_controller2#1,,SERVICE,
20,0.020,B,notify,aileron_controller2_bus,aileron1,12,RequestService,aileron1#11,,SERVICE,
20,0.020,B,service,aileron_controller2_bus,aileron1,12,RequestService,aileron1#11,,SERVICE,,104,_valueCurrent=,-7.7,valueTarget=,-30.0,_speedCurrent=,1.2,speedChange=NONE,_isTerminating=false,isArrived=false
20,0.020,B,notify,aileron_controller2_bus,aileron2,12,RequestService,aileron2#18,,SERVICE,
20,0.020,B,service,aileron_controller2_bus,aileron2,12,RequestService,aileron2#18,,SERVICE,,105,_valueCurrent=,7.7,valueTarget=,30.0,_speedCurrent=,1.2,speedChange=NONE,_isTerminating=false,isArrived=false
20,0.020,B,notify,aileron_controller2_bus,aileron3,12,RequestService,aileron3#12,,SERVICE,
20,0.020,B,service,aileron_controller2_bus,aileron3,12,RequestService,aileron3#12,,SERVICE,,106,_valueCurrent=,-11.1,valueTarget=,-30.0,_speedCurrent=,1.4999999999999998,speedChange=NONE,_isTerminating=false,isArrived=false
20,0.020,B,notify,aileron_controller2_bus,aileron4,12,RequestService,aileron4#17,,SERVICE,
20,0.020,B,service,aileron_controller2_bus,aileron4,12,RequestService,aileron4#17,,SERVICE,,107,_valueCurrent=,11.1,valueTarget=,30.0,_speedCurrent=,1.4999999999999998,speedChange=NONE,_isTerminating=false,isArrived=false
20,0.020,B,notify,aileron_controller2_bus,aileron5,12,RequestService,aileron5#13,,SERVICE,
20,0.020,B,service,aileron_controller2_bus,aileron5,12,RequestService,aileron5#13,,SERVICE,,108,_valueCurrent=,-14.200000000000003,valueTarget=,-30.0,_speedCurrent=,1.7999999999999998,speedChange=NONE,_isTerminating=false,isArrived=false
20,0.020,B,notify,aileron_controller2_bus,aileron6,12,RequestService,aileron6#16,,SERVICE,
20,0.020,B,service,aileron_controller2_bus,aileron6,12,RequestService,aileron6#16,,SERVICE,,109,_valueCurrent=,14.200000000000003,valueTarget=,30.0,_speedCurrent=,1.7999999999999998,speedChange=NONE,_isTerminating=false,isArrived=false
20,0.020,B,notify,aileron_controller2_bus,aileron7,12,RequestService,aileron7#14,,SERVICE,
20,0.020,B,service,aileron_controller2_bus,aileron7,12,RequestService,aileron7#14,,SERVICE,,110,_valueCurrent=,-16.75,valueTarget=,-30.0,_speedCurrent=,2.0,speedChange=NONE,_isTerminating=false,isArrived=false
20,0.020,B,notify,aileron_controller2_bus,aileron8,12,RequestService,aileron8#15,,SERVICE,
20,0.020,B,service,aileron_controller2_bus,aileron8,12,RequestService,aileron8#15,,SERVICE,,111,_valueCurrent=,16.75,valueTarget=,30.0,_speedCurrent=,2.0,speedChange=NONE,_isTerminating=false,isArrived=false
20,0.020,B,notify,bs1,aileron_controller2,14,RequestService,aileron_controller2#1,,SERVICE,
21,0.021,B,notify,aileron_controller2_bus,aileron1,13,RequestService,aileron1#11,,SERVICE,
21,0.021,B,service,aileron_controller2_bus,aileron1,13,RequestService,aileron1#11,,SERVICE,,112,_valueCurrent=,-8.9,valueTarget=,-30.0,_speedCurrent=,1.2,speedChange=NONE,_isTerminating=false,isArrived=false
21,0.021,B,notify,aileron_controller2_bus,aileron2,13,RequestService,aileron2#18,,SERVICE,
21,0.021,B,service,aileron_controller2_bus,aileron2,13,RequestService,aileron2#18,,SERVICE,,113,_valueCurrent=,8.9,valueTarget=,30.0,_speedCurrent=,1.2,speedChange=NONE,_isTerminating=false,isArrived=false
21,0.021,B,notify,aileron_controller2_bus,aileron3,13,RequestService,aileron3#12,,SERVICE,
21,0.021,B,service,aileron_controller2_bus,aileron3,13,RequestService,aileron3#12,,SERVICE,,114,_valueCurrent=,-12.6,valueTarget=,-30.0,_speedCurrent=,1.4999999999999998,speedChange=NONE,_isTerminating=false,isArrived=false
21,0.021,B,notify,aileron_controller2_bus,aileron4,13,RequestService,aileron4#17,,SERVICE,
21,0.021,B,service,aileron_controller2_bus,aileron4,13,RequestService,aileron4#17,,SERVICE,,115,_valueCurrent=,12.6,valueTarget=,30.0,_speedCurrent=,1.4999999999999998,speedChange=NONE,_isTerminating=false,isArrived=false
21,0.021,B,notify,aileron_controller2_bus,aileron5,13,RequestService,aileron5#13,,SERVICE,
21,0.021,B,service,aileron_controller2_bus,aileron5,13,RequestService,aileron5#13,,SERVICE,,116,_valueCurrent=,-16.000000000000004,valueTarget=,-30.0,_speedCurrent=,1.7999999999999998,speedChange=NONE,_isTerminating=false,isArrived=false
21,0.021,B,notify,aileron_controller2_bus,aileron6,13,RequestService,aileron6#16,,SERVICE,
21,0.021,B,service,aileron_controller2_bus,aileron6,13,RequestService,aileron6#16,,SERVICE,,117,_valueCurrent=,16.000000000000004,valueTarget=,30.0,_speedCurrent=,1.7999999999999998,speedChange=NONE,_isTerminating=false,isArrived=false
21,0.021,B,notify,aileron_controller2_bus,aileron7,13,RequestService,aileron7#14,,SERVICE,
21,0.021,B,service,aileron_controller2_bus,aileron7,13,RequestService,aileron7#14,,SERVICE,,118,_valueCurrent=,-18.75,valueTarget=,-30.0,_speedCurrent=,2.0,speedChange=NONE,_isTerminating=false,isArrived=false
21,0.021,B,notify,aileron_controller2_bus,aileron8,13,RequestService,aileron8#15,,SERVICE,
21,0.021,B,service,aileron_controller2_bus,aileron8,13,RequestService,aileron8#15,,SERVICE,,119,_valueCurrent=,18.75,valueTarget=,30.0,_speedCurrent=,2.0,speedChange=NONE,_isTerminating=false,isArrived=false
21,0.021,B,notify,bs1,aileron_controller2,15,RequestService,aileron_controller2#1,,SERVICE,
22,0.022,B,notify,aileron_controller2_bus,aileron1,14,RequestService,aileron1#11,,SERVICE,
22,0.022,B,service,aileron_controller2_bus,aileron1,14,RequestService,aileron1#11,,SERVICE,,120,_valueCurrent=,-10.1,valueTarget=,-30.0,_speedCurrent=,1.2,speedChange=NONE,_isTerminating=false,isArrived=false
22,0.022,B,notify,aileron_controller2_bus,aileron2,14,RequestService,aileron2#18,,SERVICE,
22,0.022,B,service,aileron_controller2_bus,aileron2,14,RequestService,aileron2#18,,SERVICE,,121,_valueCurrent=,10.1,valueTarget=,30.0,_speedCurrent=,1.2,speedChange=NONE,_isTerminating=false,isArrived=false
22,0.022,B,notify,aileron_controller2_bus,aileron3,14,RequestService,aileron3#12,,SERVICE,
22,0.022,B,service,aileron_controller2_bus,aileron3,14,RequestService,aileron3#12,,SERVICE,,122,_valueCurrent=,-14.1,valueTarget=,-30.0,_speedCurrent=,1.4999999999999998,speedChange=NONE,_isTerminating=false,isArrived=false
22,0.022,B,notify,aileron_controller2_bus,aileron4,14,RequestService,aileron4#17,,SERVICE,
22,0.022,B,service,aileron_controller2_bus,aileron4,14,RequestService,aileron4#17,,SERVICE,,123,_valueCurrent=,14.1,valueTarget=,30.0,_speedCurrent=,1.4999999999999998,speedChange=NONE,_isTerminating=false,isArrived=false
22,0.022,B,notify,aileron_controller2_bus,aileron5,14,RequestService,aileron5#13,,SERVICE,
22,0.022,B,service,aileron_controller2_bus,aileron5,14,RequestService,aileron5#13,,SERVICE,,124,_valueCurrent=,-17.800000000000004,valueTarget=,-30.0,_speedCurrent=,1.7999999999999998,speedChange=NONE,_isTerminating=false,isArrived=false
22,0.022,B,notify,aileron_controller2_bus,aileron6,14,RequestService,aileron6#16,,SERVICE,
22,0.022,B,service,aileron_controller2_bus,aileron6,14,RequestService,aileron6#16,,SERVICE,,125,_valueCurrent=,17.800000000000004,valueTarget=,30.0,_speedCurrent=,1.7999999999999998,speedChange=NONE,_isTerminating=false,isArrived=false
22,0.022,B,notify,aileron_controller2_bus,aileron7,14,RequestService,aileron7#14,,SERVICE,
22,0.022,B,service,aileron_controller2_bus,aileron7,14,RequestService,aileron7#14,,SERVICE,,126,_valueCurrent=,-20.75,valueTarget=,-30.0,_speedCurrent=,2.0,speedChange=NONE,_isTerminating=false,isArrived=false
22,0.022,B,notify,aileron_controller2_bus,aileron8,14,RequestService,aileron8#15,,SERVICE,
22,0.022,B,service,aileron_controller2_bus,aileron8,14,RequestService,aileron8#15,,SERVICE,,127,_valueCurrent=,20.75,valueTarget=,30.0,_speedCurrent=,2.0,speedChange=NONE,_isTerminating=false,isArrived=false
22,0.022,B,notify,bs1,aileron_controller2,16,RequestService,aileron_controller2#1,,SERVICE,
23,0.023,B,notify,aileron_controller2_bus,aileron1,15,RequestService,aileron1#11,,SERVICE,
23,0.023,B,service,aileron_controller2_bus,aileron1,15,RequestService,aileron1#11,,SERVICE,,128,_valueCurrent=,-11.299999999999999,valueTarget=,-30.0,_speedCurrent=,1.2,speedChange=NONE,_isTerminating=false,isArrived=false
23,0.023,B,notify,aileron_controller2_bus,aileron2,15,RequestService,aileron2#18,,SERVICE,
23,0.023,B,service,aileron_controller2_bus,aileron2,15,RequestService,aileron2#18,,SERVICE,,129,_valueCurrent=,11.299999999999999,valueTarget=,30.0,_speedCurrent=,1.2,speedChange=NONE,_isTerminating=false,isArrived=false
23,0.023,B,notify,aileron_controller2_bus,aileron3,15,RequestService,aileron3#12,,SERVICE,
23,0.023,B,service,aileron_controller2_bus,aileron3,15,RequestService,aileron3#12,,SERVICE,,130,_valueCurrent=,-15.6,valueTarget=,-30.0,_speedCurrent=,1.4999999999999998,speedChange=NONE,_isTerminating=false,isArrived=false
23,0.023,B,notify,aileron_controller2_bus,aileron4,15,RequestService,aileron4#17,,SERVICE,
23,0.023,B,service,aileron_controller2_bus,aileron4,15,RequestService,aileron4#17,,SERVICE,,131,_valueCurrent=,15.6,valueTarget=,30.0,_speedCurrent=,1.4999999999999998,speedChange=NONE,_isTerminating=false,isArrived=false
23,0.023,B,notify,aileron_controller2_bus,aileron5,15,RequestService,aileron5#13,,SERVICE,
23,0.023,B,service,aileron_controller2_bus,aileron5,15,RequestService,aileron5#13,,SERVICE,,132,_valueCurrent=,-19.600000000000005,valueTarget=,-30.0,_speedCurrent=,1.7999999999999998,speedChange=NONE,_isTerminating=false,isArrived=false
23,0.023,B,notify,aileron_controller2_bus,aileron6,15,RequestService,aileron6#16,,SERVICE,
23,0.023,B,service,aileron_controller2_bus,aileron6,15,RequestService,aileron6#16,,SERVICE,,133,_valueCurrent=,19.600000000000005,valueTarget=,30.0,_speedCurrent=,1.7999999999999998,speedChange=NONE,_isTerminating=false,isArrived=false
23,0.023,B,notify,aileron_controller2_bus,aileron7,15,RequestService,aileron7#14,,SERVICE,
23,0.023,B,service,aileron_controller2_bus,aileron7,15,RequestService,aileron7#14,,SERVICE,,134,_valueCurrent=,-22.75,valueTarget=,-30.0,_speedCurrent=,1.75,speedChange=DECELERATING,_isTerminating=false,isArrived=false
23,0.023,B,notify,aileron_controller2_bus,aileron8,15,RequestService,aileron8#15,,SERVICE,
23,0.023,B,service,aileron_controller2_bus,aileron8,15,RequestService,aileron8#15,,SERVICE,,135,_valueCurrent=,22.75,valueTarget=,30.0,_speedCurrent=,1.75,speedChange=DECELERATING,_isTerminating=false,isArrived=false
23,0.023,B,notify,bs1,aileron_controller2,17,RequestService,aileron_controller2#1,,SERVICE,
24,0.024,B,notify,aileron_controller2_bus,aileron1,16,RequestService,aileron1#11,,SERVICE,
24,0.024,B,service,aileron_controller2_bus,aileron1,16,RequestService,aileron1#11,,SERVICE,,136,_valueCurrent=,-12.499999999999998,valueTarget=,-30.0,_speedCurrent=,1.2,speedChange=NONE,_isTerminating=false,isArrived=false
24,0.024,B,notify,aileron_controller2_bus,aileron2,16,RequestService,aileron2#18,,SERVICE,
24,0.024,B,service,aileron_controller2_bus,aileron2,16,RequestService,aileron2#18,,SERVICE,,137,_valueCurrent=,12.499999999999998,valueTarget=,30.0,_speedCurrent=,1.2,speedChange=NONE,_isTerminating=false,isArrived=false
24,0.024,B,notify,aileron_controller2_bus,aileron3,16,RequestService,aileron3#12,,SERVICE,
24,0.024,B,service,aileron_controller2_bus,aileron3,16,RequestService,aileron3#12,,SERVICE,,138,_valueCurrent=,-17.099999999999998,valueTarget=,-30.0,_speedCurrent=,1.4999999999999998,speedChange=NONE,_isTerminating=false,isArrived=false
24,0.024,B,notify,aileron_controller2_bus,aileron4,16,RequestService,aileron4#17,,SERVICE,
24,0.024,B,service,aileron_controller2_bus,aileron4,16,RequestService,aileron4#17,,SERVICE,,139,_valueCurrent=,17.099999999999998,valueTarget=,30.0,_speedCurrent=,1.4999999999999998,speedChange=NONE,_isTerminating=false,isArrived=false
24,0.024,B,notify,aileron_controller2_bus,aileron5,16,RequestService,aileron5#13,,SERVICE,
24,0.024,B,service,aileron_controller2_bus,aileron5,16,RequestService,aileron5#13,,SERVICE,,140,_valueCurrent=,-21.400000000000006,valueTarget=,-30.0,_speedCurrent=,1.7999999999999998,speedChange=NONE,_isTerminating=false,isArrived=false
24,0.024,B,notify,aileron_controller2_bus,aileron6,16,RequestService,aileron6#16,,SERVICE,
24,0.024,B,service,aileron_controller2_bus,aileron6,16,RequestService,aileron6#16,,SERVICE,,141,_valueCurrent=,21.400000000000006,valueTarget=,30.0,_speedCurrent=,1.7999999999999998,speedChange=NONE,_isTerminating=false,isArrived=false
24,0.024,B,notify,aileron_controller2_bus,aileron7,16,RequestService,aileron7#14,,SERVICE,
24,0.024,B,service,aileron_controller2_bus,aileron7,16,RequestService,aileron7#14,,SERVICE,,142,_valueCurrent=,-24.5,valueTarget=,-30.0,_speedCurrent=,1.5,speedChange=DECELERATING,_isTerminating=false,isArrived=false
24,0.024,B,notify,aileron_controller2_bus,aileron8,16,RequestService,aileron8#15,,SERVICE,
24,0.024,B,service,aileron_controller2_bus,aileron8,16,RequestService,aileron8#15,,SERVICE,,143,_valueCurrent=,24.5,valueTarget=,30.0,_speedCurrent=,1.5,speedChange=DECELERATING,_isTerminating=false,isArrived=false
24,0.024,B,notify,bs1,aileron_controller2,18,RequestService,aileron_controller2#1,,SERVICE,
25,0.025,B,notify,aileron_controller2_bus,aileron1,17,RequestService,aileron1#11,,SERVICE,
25,0.025,B,service,aileron_controller2_bus,aileron1,17,RequestService,aileron1#11,,SERVICE,,144,_valueCurrent=,-13.699999999999998,valueTarget=,-30.0,_speedCurrent=,1.2,speedChange=NONE,_isTerminating=false,isArrived=false
25,0.025,B,notify,aileron_controller2_bus,aileron2,17,RequestService,aileron2#18,,SERVICE,
25,0.025,B,service,aileron_controller2_bus,aileron2,17,RequestService,aileron2#18,,SERVICE,,145,_valueCurrent=,13.699999999999998,valueTarget=,30.0,_speedCurrent=,1.2,speedChange=NONE,_isTerminating=false,isArrived=false
25,0.025,B,notify,aileron_controller2_bus,aileron3,17,RequestService,aileron3#12,,SERVICE,
25,0.025,B,service,aileron_controller2_bus,aileron3,17,RequestService,aileron3#12,,SERVICE,,146,_valueCurrent=,-18.599999999999998,valueTarget=,-30.0,_speedCurrent=,1.4999999999999998,speedChange=NONE,_isTerminating=false,isArrived=false
25,0.025,B,notify,aileron_controller2_bus,aileron4,17,RequestService,aileron4#17,,SERVICE,
25,0.025,B,service,aileron_controller2_bus,aileron4,17,RequestService,aileron4#17,,SERVICE,,147,_valueCurrent=,18.599999999999998,valueTarget=,30.0,_speedCurrent=,1.4999999999999998,speedChange=NONE,_isTerminating=false,isArrived=false
25,0.025,B,notify,aileron_controller2_bus,aileron5,17,RequestService,aileron5#13,,SERVICE,
25,0.025,B,service,aileron_controller2_bus,aileron5,17,RequestService,aileron5#13,,SERVICE,,148,_valueCurrent=,-23.200000000000006,valueTarget=,-30.0,_speedCurrent=,1.5999999999999999,speedChange=DECELERATING,_isTerminating=false,isArrived=false
25,0.025,B,notify,aileron_controller2_bus,aileron6,17,RequestService,aileron6#16,,SERVICE,
25,0.025,B,service,aileron_controller2_bus,aileron6,17,RequestService,aileron6#16,,SERVICE,,149,_valueCurrent=,23.200000000000006,valueTarget=,30.0,_speedCurrent=,1.5999999999999999,speedChange=DECELERATING,_isTerminating=false,isArrived=false
25,0.025,B,notify,aileron_controller2_bus,aileron7,17,RequestService,aileron7#14,,SERVICE,
25,0.025,B,service,aileron_controller2_bus,aileron7,17,RequestService,aileron7#14,,SERVICE,,150,_valueCurrent=,-26.0,valueTarget=,-30.0,_speedCurrent=,1.25,speedChange=DECELERATING,_isTerminating=false,isArrived=false
25,0.025,B,notify,aileron_controller2_bus,aileron8,17,RequestService,aileron8#15,,SERVICE,
25,0.025,B,service,aileron_controller2_bus,aileron8,17,RequestService,aileron8#15,,SERVICE,,151,_valueCurrent=,26.0,valueTarget=,30.0,_speedCurrent=,1.25,speedChange=DECELERATING,_isTerminating=false,isArrived=false
25,0.025,B,notify,bs1,aileron_controller2,19,RequestService,aileron_controller2#1,,SERVICE,
26,0.026,B,notify,aileron_controller2_bus,aileron1,18,RequestService,aileron1#11,,SERVICE,
26,0.026,B,service,aileron_controller2_bus,aileron1,18,RequestService,aileron1#11,,SERVICE,,152,_valueCurrent=,-14.899999999999997,valueTarget=,-30.0,_speedCurrent=,1.2,speedChange=NONE,_isTerminating=false,isArrived=false
26,0.026,B,notify,aileron_controller2_bus,aileron2,18,RequestService,aileron2#18,,SERVICE,
26,0.026,B,service,aileron_controller2_bus,aileron2,18,RequestService,aileron2#18,,SERVICE,,153,_valueCurrent=,14.899999999999997,valueTarget=,30.0,_speedCurrent=,1.2,speedChange=NONE,_isTerminating=false,isArrived=false
26,0.026,B,notify,aileron_controller2_bus,aileron3,18,RequestService,aileron3#12,,SERVICE,
26,0.026,B,service,aileron_controller2_bus,aileron3,18,RequestService,aileron3#12,,SERVICE,,154,_valueCurrent=,-20.099999999999998,valueTarget=,-30.0,_speedCurrent=,1.4999999999999998,speedChange=NONE,_isTerminating=false,isArrived=false
26,0.026,B,notify,aileron_controller2_bus,aileron4,18,RequestService,aileron4#17,,SERVICE,
26,0.026,B,service,aileron_controller2_bus,aileron4,18,RequestService,aileron4#17,,SERVICE,,155,_valueCurrent=,20.099999999999998,valueTarget=,30.0,_speedCurrent=,1.4999999999999998,speedChange=NONE,_isTerminating=false,isArrived=false
26,0.026,B,notify,aileron_controller2_bus,aileron5,18,RequestService,aileron5#13,,SERVICE,
26,0.026,B,service,aileron_controller2_bus,aileron5,18,RequestService,aileron5#13,,SERVICE,,156,_valueCurrent=,-24.800000000000008,valueTarget=,-30.0,_speedCurrent=,1.4,speedChange=DECELERATING,_isTerminating=false,isArrived=false
26,0.026,B,notify,aileron_controller2_bus,aileron6,18,RequestService,aileron6#16,,SERVICE,
26,0.026,B,service,aileron_controller2_bus,aileron6,18,RequestService,aileron6#16,,SERVICE,,157,_valueCurrent=,24.800000000000008,valueTarget=,30.0,_speedCurrent=,1.4,speedChange=DECELERATING,_isTerminating=false,isArrived=false
26,0.026,B,notify,aileron_controller2_bus,aileron7,18,RequestService,aileron7#14,,SERVICE,
26,0.026,B,service,aileron_controller2_bus,aileron7,18,RequestService,aileron7#14,,SERVICE,,158,_valueCurrent=,-27.25,valueTarget=,-30.0,_speedCurrent=,1.0,speedChange=DECELERATING,_isTerminating=false,isArrived=false
26,0.026,B,notify,aileron_controller2_bus,aileron8,18,RequestService,aileron8#15,,SERVICE,
26,0.026,B,service,aileron_controller2_bus,aileron8,18,RequestService,aileron8#15,,SERVICE,,159,_valueCurrent=,27.25,valueTarget=,30.0,_speedCurrent=,1.0,speedChange=DECELERATING,_isTerminating=false,isArrived=false
26,0.026,B,notify,bs1,aileron_controller2,20,RequestService,aileron_controller2#1,,SERVICE,
27,0.027,B,notify,aileron_controller2_bus,aileron1,19,RequestService,aileron1#11,,SERVICE,
27,0.027,B,service,aileron_controller2_bus,aileron1,19,RequestService,aileron1#11,,SERVICE,,160,_valueCurrent=,-16.099999999999998,valueTarget=,-30.0,_speedCurrent=,1.2,speedChange=NONE,_isTerminating=false,isArrived=false
27,0.027,B,notify,aileron_controller2_bus,aileron2,19,RequestService,aileron2#18,,SERVICE,
27,0.027,B,service,aileron_controller2_bus,aileron2,19,RequestService,aileron2#18,,SERVICE,,161,_valueCurrent=,16.099999999999998,valueTarget=,30.0,_speedCurrent=,1.2,speedChange=NONE,_isTerminating=false,isArrived=false
27,0.027,B,notify,aileron_controller2_bus,aileron3,19,RequestService,aileron3#12,,SERVICE,
27,0.027,B,service,aileron_controller2_bus,aileron3,19,RequestService,aileron3#12,,SERVICE,,162,_valueCurrent=,-21.599999999999998,valueTarget=,-30.0,_speedCurrent=,1.4999999999999998,speedChange=NONE,_isTerminating=false,isArrived=false
27,0.027,B,notify,aileron_controller2_bus,aileron4,19,RequestService,aileron4#17,,SERVICE,
27,0.027,B,service,aileron_controller2_bus,aileron4,19,RequestService,aileron4#17,,SERVICE,,163,_valueCurrent=,21.599999999999998,valueTarget=,30.0,_speedCurrent=,1.4999999999999998,speedChange=NONE,_isTerminating=false,isArrived=false
27,0.027,B,notify,aileron_controller2_bus,aileron5,19,RequestService,aileron5#13,,SERVICE,
27,0.027,B,service,aileron_controller2_bus,aileron5,19,RequestService,aileron5#13,,SERVICE,,164,_valueCurrent=,-26.200000000000006,valueTarget=,-30.0,_speedCurrent=,1.2,speedChange=DECELERATING,_isTerminating=false,isArrived=false
27,0.027,B,notify,aileron_controller2_bus,aileron6,19,RequestService,aileron6#16,,SERVICE,
27,0.027,B,service,aileron_controller2_bus,aileron6,19,RequestService,aileron6#16,,SERVICE,,165,_valueCurrent=,26.200000000000006,valueTarget=,30.0,_speedCurrent=,1.2,speedChange=DECELERATING,_isTerminating=false,isArrived=false
27,0.027,B,notify,aileron_controller2_bus,aileron7,19,RequestService,aileron7#14,,SERVICE,
27,0.027,B,service,aileron_controller2_bus,aileron7,19,RequestService,aileron7#14,,SERVICE,,166,_valueCurrent=,-28.25,valueTarget=,-30.0,_speedCurrent=,0.75,speedChange=DECELERATING,_isTerminating=false,isArrived=false
27,0.027,B,notify,aileron_controller2_bus,aileron8,19,RequestService,aileron8#15,,SERVICE,
27,0.027,B,service,aileron_controller2_bus,aileron8,19,RequestService,aileron8#15,,SERVICE,,167,_valueCurrent=,28.25,valueTarget=,30.0,_speedCurrent=,0.75,speedChange=DECELERATING,_isTerminating=false,isArrived=false
27,0.027,B,notify,bs1,aileron_controller2,21,RequestService,aileron_controller2#1,,SERVICE,
28,0.028,B,notify,aileron_controller2_bus,aileron1,20,RequestService,aileron1#11,,SERVICE,
28,0.028,B,service,aileron_controller2_bus,aileron1,20,RequestService,aileron1#11,,SERVICE,,168,_valueCurrent=,-17.299999999999997,valueTarget=,-30.0,_speedCurrent=,1.2,speedChange=NONE,_isTerminating=false,isArrived=false
28,0.028,B,notify,aileron_controller2_bus,aileron2,20,RequestService,aileron2#18,,SERVICE,
28,0.028,B,service,aileron_controller2_bus,aileron2,20,RequestService,aileron2#18,,SERVICE,,169,_valueCurrent=,17.299999999999997,valueTarget=,30.0,_speedCurrent=,1.2,speedChange=NONE,_isTerminating=false,isArrived=false
28,0.028,B,notify,aileron_controller2_bus,aileron3,20,RequestService,aileron3#12,,SERVICE,
28,0.028,B,service,aileron_controller2_bus,aileron3,20,RequestService,aileron3#12,,SERVICE,,170,_valueCurrent=,-23.099999999999998,valueTarget=,-30.0,_speedCurrent=,1.3499999999999999,speedChange=DECELERATING,_isTerminating=false,isArrived=false
28,0.028,B,notify,aileron_controller2_bus,aileron4,20,RequestService,aileron4#17,,SERVICE,
28,0.028,B,service,aileron_controller2_bus,aileron4,20,RequestService,aileron4#17,,SERVICE,,171,_valueCurrent=,23.099999999999998,valueTarget=,30.0,_speedCurrent=,1.3499999999999999,speedChange=DECELERATING,_isTerminating=false,isArrived=false
28,0.028,B,notify,aileron_controller2_bus,aileron5,20,RequestService,aileron5#13,,SERVICE,
28,0.028,B,service,aileron_controller2_bus,aileron5,20,RequestService,aileron5#13,,SERVICE,,172,_valueCurrent=,-27.400000000000006,valueTarget=,-30.0,_speedCurrent=,1.0,speedChange=DECELERATING,_isTerminating=false,isArrived=false
28,0.028,B,notify,aileron_controller2_bus,aileron6,20,RequestService,aileron6#16,,SERVICE,
28,0.028,B,service,aileron_controller2_bus,aileron6,20,RequestService,aileron6#16,,SERVICE,,173,_valueCurrent=,27.400000000000006,valueTarget=,30.0,_speedCurrent=,1.0,speedChange=DECELERATING,_isTerminating=false,isArrived=false
28,0.028,B,notify,aileron_controller2_bus,aileron7,20,RequestService,aileron7#14,,SERVICE,
28,0.028,B,service,aileron_controller2_bus,aileron7,20,RequestService,aileron7#14,,SERVICE,,174,_valueCurrent=,-29.0,valueTarget=,-30.0,_speedCurrent=,0.5,speedChange=DECELERATING,_isTerminating=false,isArrived=false
28,0.028,B,notify,aileron_controller2_bus,aileron8,20,RequestService,aileron8#15,,SERVICE,
28,0.028,B,service,aileron_controller2_bus,aileron8,20,RequestService,aileron8#15,,SERVICE,,175,_valueCurrent=,29.0,valueTarget=,30.0,_speedCurrent=,0.5,speedChange=DECELERATING,_isTerminating=false,isArrived=false
28,0.028,B,notify,bs1,aileron_controller2,22,RequestService,aileron_controller2#1,,SERVICE,
29,0.029,B,notify,aileron_controller2_bus,aileron1,21,RequestService,aileron1#11,,SERVICE,
29,0.029,B,service,aileron_controller2_bus,aileron1,21,RequestService,aileron1#11,,SERVICE,,176,_valueCurrent=,-18.499999999999996,valueTarget=,-30.0,_speedCurrent=,1.2,speedChange=NONE,_isTerminating=false,isArrived=false
29,0.029,B,notify,aileron_controller2_bus,aileron2,21,RequestService,aileron2#18,,SERVICE,
29,0.029,B,service,aileron_controller2_bus,aileron2,21,RequestService,aileron2#18,,SERVICE,,177,_valueCurrent=,18.499999999999996,valueTarget=,30.0,_speedCurrent=,1.2,speedChange=NONE,_isTerminating=false,isArrived=false
29,0.029,B,notify,aileron_controller2_bus,aileron3,21,RequestService,aileron3#12,,SERVICE,
29,0.029,B,service,aileron_controller2_bus,aileron3,21,RequestService,aileron3#12,,SERVICE,,178,_valueCurrent=,-24.45,valueTarget=,-30.0,_speedCurrent=,1.2,speedChange=DECELERATING,_isTerminating=false,isArrived=false
29,0.029,B,notify,aileron_controller2_bus,aileron4,21,RequestService,aileron4#17,,SERVICE,
29,0.029,B,service,aileron_controller2_bus,aileron4,21,RequestService,aileron4#17,,SERVICE,,179,_valueCurrent=,24.45,valueTarget=,30.0,_speedCurrent=,1.2,speedChange=DECELERATING,_isTerminating=false,isArrived=false
29,0.029,B,notify,aileron_controller2_bus,aileron5,21,RequestService,aileron5#13,,SERVICE,
29,0.029,B,service,aileron_controller2_bus,aileron5,21,RequestService,aileron5#13,,SERVICE,,180,_valueCurrent=,-28.400000000000006,valueTarget=,-30.0,_speedCurrent=,0.8,speedChange=DECELERATING,_isTerminating=false,isArrived=false
29,0.029,B,notify,aileron_controller2_bus,aileron6,21,RequestService,aileron6#16,,SERVICE,
29,0.029,B,service,aileron_controller2_bus,aileron6,21,RequestService,aileron6#16,,SERVICE,,181,_valueCurrent=,28.400000000000006,valueTarget=,30.0,_speedCurrent=,0.8,speedChange=DECELERATING,_isTerminating=false,isArrived=false
29,0.029,B,notify,aileron_controller2_bus,aileron7,21,RequestService,aileron7#14,,SERVICE,
29,0.029,B,service,aileron_controller2_bus,aileron7,21,RequestService,aileron7#14,,SERVICE,,182,_valueCurrent=,-29.5,valueTarget=,-30.0,_speedCurrent=,0.25,speedChange=NONE,_isTerminating=false,isArrived=false
29,0.029,B,notify,aileron_controller2_bus,aileron8,21,RequestService,aileron8#15,,SERVICE,
29,0.029,B,service,aileron_controller2_bus,aileron8,21,RequestService,aileron8#15,,SERVICE,,183,_valueCurrent=,29.5,valueTarget=,30.0,_speedCurrent=,0.25,speedChange=NONE,_isTerminating=false,isArrived=false
29,0.029,B,notify,bs1,aileron_controller2,23,RequestService,aileron_controller2#1,,SERVICE,
30,0.030,B,notify,aileron_controller2_bus,aileron1,22,RequestService,aileron1#11,,SERVICE,
30,0.030,B,service,aileron_controller2_bus,aileron1,22,RequestService,aileron1#11,,SERVICE,,184,_valueCurrent=,-19.699999999999996,valueTarget=,-30.0,_speedCurrent=,1.2,speedChange=NONE,_isTerminating=false,isArrived=false
30,0.030,B,notify,aileron_controller2_bus,aileron2,22,RequestService,aileron2#18,,SERVICE,
30,0.030,B,service,aileron_controller2_bus,aileron2,22,RequestService,aileron2#18,,SERVICE,,185,_valueCurrent=,19.699999999999996,valueTarget=,30.0,_speedCurrent=,1.2,speedChange=NONE,_isTerminating=false,isArrived=false
30,0.030,B,notify,aileron_controller2_bus,aileron3,22,RequestService,aileron3#12,,SERVICE,
30,0.030,B,service,aileron_controller2_bus,aileron3,22,RequestService,aileron3#12,,SERVICE,,186,_valueCurrent=,-25.65,valueTarget=,-30.0,_speedCurrent=,1.05,speedChange=DECELERATING,_isTerminating=false,isArrived=false
30,0.030,B,notify,aileron_controller2_bus,aileron4,22,RequestService,aileron4#17,,SERVICE,
30,0.030,B,service,aileron_controller2_bus,aileron4,22,RequestService,aileron4#17,,SERVICE,,187,_valueCurrent=,25.65,valueTarget=,30.0,_speedCurrent=,1.05,speedChange=DECELERATING,_isTerminating=false,isArrived=false
30,0.030,B,notify,aileron_controller2_bus,aileron5,22,RequestService,aileron5#13,,SERVICE,
30,0.030,B,service,aileron_controller2_bus,aileron5,22,RequestService,aileron5#13,,SERVICE,,188,_valueCurrent=,-29.200000000000006,valueTarget=,-30.0,_speedCurrent=,0.6000000000000001,speedChange=DECELERATING,_isTerminating=false,isArrived=false
30,0.030,B,notify,aileron_controller2_bus,aileron6,22,RequestService,aileron6#16,,SERVICE,
30,0.030,B,service,aileron_controller2_bus,aileron6,22,RequestService,aileron6#16,,SERVICE,,189,_valueCurrent=,29.200000000000006,valueTarget=,30.0,_speedCurrent=,0.6000000000000001,speedChange=DECELERATING,_isTerminating=false,isArrived=false
30,0.030,B,notify,aileron_controller2_bus,aileron7,22,RequestService,aileron7#14,,SERVICE,
30,0.030,B,service,aileron_controller2_bus,aileron7,22,RequestService,aileron7#14,,SERVICE,,190,_valueCurrent=,-29.75,valueTarget=,-30.0,_speedCurrent=,0.25,speedChange=NONE,_isTerminating=false,isArrived=false
30,0.030,B,notify,aileron_controller2_bus,aileron8,22,RequestService,aileron8#15,,SERVICE,
30,0.030,B,service,aileron_controller2_bus,aileron8,22,RequestService,aileron8#15,,SERVICE,,191,_valueCurrent=,29.75,valueTarget=,30.0,_speedCurrent=,0.25,speedChange=NONE,_isTerminating=false,isArrived=false
30,0.030,B,notify,bs1,aileron_controller2,24,RequestService,aileron_controller2#1,,SERVICE,
31,0.031,B,notify,aileron_controller2_bus,aileron1,23,RequestService,aileron1#11,,SERVICE,
31,0.031,B,service,aileron_controller2_bus,aileron1,23,RequestService,aileron1#11,,SERVICE,,192,_valueCurrent=,-20.899999999999995,valueTarget=,-30.0,_speedCurrent=,1.2,speedChange=NONE,_isTerminating=false,isArrived=false
31,0.031,B,notify,aileron_controller2_bus,aileron2,23,RequestService,aileron2#18,,SERVICE,
31,0.031,B,service,aileron_controller2_bus,aileron2,23,RequestService,aileron2#18,,SERVICE,,193,_valueCurrent=,20.899999999999995,valueTarget=,30.0,_speedCurrent=,1.2,speedChange=NONE,_isTerminating=false,isArrived=false
31,0.031,B,notify,aileron_controller2_bus,aileron3,23,RequestService,aileron3#12,,SERVICE,
31,0.031,B,service,aileron_controller2_bus,aileron3,23,RequestService,aileron3#12,,SERVICE,,194,_valueCurrent=,-26.7,valueTarget=,-30.0,_speedCurrent=,0.9,speedChange=DECELERATING,_isTerminating=false,isArrived=false
31,0.031,B,notify,aileron_controller2_bus,aileron4,23,RequestService,aileron4#17,,SERVICE,
31,0.031,B,service,aileron_controller2_bus,aileron4,23,RequestService,aileron4#17,,SERVICE,,195,_valueCurrent=,26.7,valueTarget=,30.0,_speedCurrent=,0.9,speedChange=DECELERATING,_isTerminating=false,isArrived=false
31,0.031,B,notify,aileron_controller2_bus,aileron5,23,RequestService,aileron5#13,,SERVICE,
31,0.031,B,service,aileron_controller2_bus,aileron5,23,RequestService,aileron5#13,,SERVICE,,196,_valueCurrent=,-29.800000000000008,valueTarget=,-30.0,_speedCurrent=,0.4000000000000001,speedChange=DECELERATING,_isTerminating=false,isArrived=false
31,0.031,B,notify,aileron_controller2_bus,aileron6,23,RequestService,aileron6#16,,SERVICE,
31,0.031,B,service,aileron_controller2_bus,aileron6,23,RequestService,aileron6#16,,SERVICE,,197,_valueCurrent=,29.800000000000008,valueTarget=,30.0,_speedCurrent=,0.4000000000000001,speedChange=DECELERATING,_isTerminating=false,isArrived=false
31,0.031,B,notify,aileron_controller2_bus,aileron7,23,RequestService,aileron7#14,,SERVICE,
31,0.031,B,service,aileron_controller2_bus,aileron7,23,RequestService,aileron7#14,,SERVICE,,198,_valueCurrent=,-30.0,valueTarget=,-30.0,_speedCurrent=,0.25,speedChange=NONE,_isTerminating=false,isArrived=true
31,0.031,C,submit,aileron_controller2_bus,aileron7,0,RequestCancel,aileron7#27,aileron7#14,UNBOUND
31,0.031,B,notify,aileron_controller2_bus,aileron7,23,RequestService,aileron7#14,,CANCEL,
31,0.031,D,respond,aileron_controller2_bus,aileron7,0,RequestCancel,aileron7#27,aileron7#14,,ACCEPTED_SERVICING
31,0.031,B,notify,aileron_controller2_bus,aileron8,23,RequestService,aileron8#15,,SERVICE,
31,0.031,B,service,aileron_controller2_bus,aileron8,23,RequestService,aileron8#15,,SERVICE,,199,_valueCurrent=,30.0,valueTarget=,30.0,_speedCurrent=,0.25,speedChange=NONE,_isTerminating=false,isArrived=true
31,0.031,C,submit,aileron_controller2_bus,aileron8,0,RequestCancel,aileron8#28,aileron8#15,UNBOUND
31,0.031,B,notify,aileron_controller2_bus,aileron8,23,RequestService,aileron8#15,,CANCEL,
31,0.031,D,respond,aileron_controller2_bus,aileron8,0,RequestCancel,aileron8#28,aileron8#15,,ACCEPTED_SERVICING
31,0.031,B,notify,bs1,aileron_controller2,25,RequestService,aileron_controller2#1,,SERVICE,
32,0.032,B,notify,aileron_controller2_bus,aileron1,24,RequestService,aileron1#11,,SERVICE,
32,0.032,B,service,aileron_controller2_bus,aileron1,24,RequestService,aileron1#11,,SERVICE,,200,_valueCurrent=,-22.099999999999994,valueTarget=,-30.0,_speedCurrent=,1.2,speedChange=NONE,_isTerminating=false,isArrived=false
32,0.032,B,notify,aileron_controller2_bus,aileron2,24,RequestService,aileron2#18,,SERVICE,
32,0.032,B,service,aileron_controller2_bus,aileron2,24,RequestService,aileron2#18,,SERVICE,,201,_valueCurrent=,22.099999999999994,valueTarget=,30.0,_speedCurrent=,1.2,speedChange=NONE,_isTerminating=false,isArrived=false
32,0.032,B,notify,aileron_controller2_bus,aileron3,24,RequestService,aileron3#12,,SERVICE,
32,0.032,B,service,aileron_controller2_bus,aileron3,24,RequestService,aileron3#12,,SERVICE,,202,_valueCurrent=,-27.599999999999998,valueTarget=,-30.0,_speedCurrent=,0.75,speedChange=DECELERATING,_isTerminating=false,isArrived=false
32,0.032,B,notify,aileron_controller2_bus,aileron4,24,RequestService,aileron4#17,,SERVICE,
32,0.032,B,service,aileron_controller2_bus,aileron4,24,RequestService,aileron4#17,,SERVICE,,203,_valueCurrent=,27.599999999999998,valueTarget=,30.0,_speedCurrent=,0.75,speedChange=DECELERATING,_isTerminating=false,isArrived=false
32,0.032,B,notify,aileron_controller2_bus,aileron5,24,RequestService,aileron5#13,,SERVICE,
32,0.032,B,service,aileron_controller2_bus,aileron5,24,RequestService,aileron5#13,,SERVICE,,204,_valueCurrent=,-30.0,valueTarget=,-30.0,_speedCurrent=,0.20000000000000007,speedChange=DECELERATING,_isTerminating=false,isArrived=true
32,0.032,C,submit,aileron_controller2_bus,aileron5,0,RequestCancel,aileron5#29,aileron5#13,UNBOUND
32,0.032,B,notify,aileron_controller2_bus,aileron5,24,RequestService,aileron5#13,,CANCEL,
32,0.032,D,respond,aileron_controller2_bus,aileron5,0,RequestCancel,aileron5#29,aileron5#13,,ACCEPTED_SERVICING
32,0.032,B,notify,aileron_controller2_bus,aileron6,24,RequestService,aileron6#16,,SERVICE,
32,0.032,B,service,aileron_controller2_bus,aileron6,24,RequestService,aileron6#16,,SERVICE,,205,_valueCurrent=,30.0,valueTarget=,30.0,_speedCurrent=,0.20000000000000007,speedChange=DECELERATING,_isTerminating=false,isArrived=true
32,0.032,C,submit,aileron_controller2_bus,aileron6,0,RequestCancel,aileron6#30,aileron6#16,UNBOUND
32,0.032,B,notify,aileron_controller2_bus,aileron6,24,RequestService,aileron6#16,,CANCEL,
32,0.032,D,respond,aileron_controller2_bus,aileron6,0,RequestCancel,aileron6#30,aileron6#16,,ACCEPTED_SERVICING
32,0.032,B,notify,bs1,aileron_controller2,26,RequestService,aileron_controller2#1,,SERVICE,
33,0.033,B,notify,aileron_controller2_bus,aileron1,25,RequestService,aileron1#11,,SERVICE,
33,0.033,B,service,aileron_controller2_bus,aileron1,25,RequestService,aileron1#11,,SERVICE,,206,_valueCurrent=,-23.299999999999994,valueTarget=,-30.0,_speedCurrent=,1.0999999999999999,speedChange=DECELERATING,_isTerminating=false,isArrived=false
33,0.033,B,notify,aileron_controller2_bus,aileron2,25,RequestService,aileron2#18,,SERVICE,
33,0.033,B,service,aileron_controller2_bus,aileron2,25,RequestService,aileron2#18,,SERVICE,,207,_valueCurrent=,23.299999999999994,valueTarget=,30.0,_speedCurrent=,1.0999999999999999,speedChange=DECELERATING,_isTerminating=false,isArrived=false
33,0.033,B,notify,aileron_controller2_bus,aileron3,25,RequestService,aileron3#12,,SERVICE,
33,0.033,B,service,aileron_controller2_bus,aileron3,25,RequestService,aileron3#12,,SERVICE,,208,_valueCurrent=,-28.349999999999998,valueTarget=,-30.0,_speedCurrent=,0.6,speedChange=DECELERATING,_isTerminating=false,isArrived=false
33,0.033,B,notify,aileron_controller2_bus,aileron4,25,RequestService,aileron4#17,,SERVICE,
33,0.033,B,service,aileron_controller2_bus,aileron4,25,RequestService,aileron4#17,,SERVICE,,209,_valueCurrent=,28.349999999999998,valueTarget=,30.0,_speedCurrent=,0.6,speedChange=DECELERATING,_isTerminating=false,isArrived=false
33,0.033,B,notify,bs1,aileron_controller2,27,RequestService,aileron_controller2#1,,SERVICE,
34,0.034,B,notify,aileron_controller2_bus,aileron1,26,RequestService,aileron1#11,,SERVICE,
34,0.034,B,service,aileron_controller2_bus,aileron1,26,RequestService,aileron1#11,,SERVICE,,210,_valueCurrent=,-24.399999999999995,valueTarget=,-30.0,_speedCurrent=,0.9999999999999999,speedChange=DECELERATING,_isTerminating=false,isArrived=false
34,0.034,B,notify,aileron_controller2_bus,aileron2,26,RequestService,aileron2#18,,SERVICE,
34,0.034,B,service,aileron_controller2_bus,aileron2,26,RequestService,aileron2#18,,SERVICE,,211,_valueCurrent=,24.399999999999995,valueTarget=,30.0,_speedCurrent=,0.9999999999999999,speedChange=DECELERATING,_isTerminating=false,isArrived=false
34,0.034,B,notify,aileron_controller2_bus,aileron3,26,RequestService,aileron3#12,,SERVICE,
34,0.034,B,service,aileron_controller2_bus,aileron3,26,RequestService,aileron3#12,,SERVICE,,212,_valueCurrent=,-28.95,valueTarget=,-30.0,_speedCurrent=,0.44999999999999996,speedChange=DECELERATING,_isTerminating=false,isArrived=false
34,0.034,B,notify,aileron_controller2_bus,aileron4,26,RequestService,aileron4#17,,SERVICE,
34,0.034,B,service,aileron_controller2_bus,aileron4,26,RequestService,aileron4#17,,SERVICE,,213,_valueCurrent=,28.95,valueTarget=,30.0,_speedCurrent=,0.44999999999999996,speedChange=DECELERATING,_isTerminating=false,isArrived=false
34,0.034,B,notify,bs1,aileron_controller2,28,RequestService,aileron_controller2#1,,SERVICE,
35,0.035,B,notify,aileron_controller2_bus,aileron1,27,RequestService,aileron1#11,,SERVICE,
35,0.035,B,service,aileron_controller2_bus,aileron1,27,RequestService,aileron1#11,,SERVICE,,214,_valueCurrent=,-25.399999999999995,valueTarget=,-30.0,_speedCurrent=,0.8999999999999999,speedChange=DECELERATING,_isTerminating=false,isArrived=false
35,0.035,B,notify,aileron_controller2_bus,aileron2,27,RequestService,aileron2#18,,SERVICE,
35,0.035,B,service,aileron_controller2_bus,aileron2,27,RequestService,aileron2#18,,SERVICE,,215,_valueCurrent=,25.399999999999995,valueTarget=,30.0,_speedCurrent=,0.8999999999999999,speedChange=DECELERATING,_isTerminating=false,isArrived=false
35,0.035,B,notify,aileron_controller2_bus,aileron3,27,RequestService,aileron3#12,,SERVICE,
35,0.035,B,service,aileron_controller2_bus,aileron3,27,RequestService,aileron3#12,,SERVICE,,216,_valueCurrent=,-29.4,valueTarget=,-30.0,_speedCurrent=,0.29999999999999993,speedChange=DECELERATING,_isTerminating=false,isArrived=false
35,0.035,B,notify,aileron_controller2_bus,aileron4,27,RequestService,aileron4#17,,SERVICE,
35,0.035,B,service,aileron_controller2_bus,aileron4,27,RequestService,aileron4#17,,SERVICE,,217,_valueCurrent=,29.4,valueTarget=,30.0,_speedCurrent=,0.29999999999999993,speedChange=DECELERATING,_isTerminating=false,isArrived=false
35,0.035,B,notify,bs1,aileron_controller2,29,RequestService,aileron_controller2#1,,SERVICE,
36,0.036,B,notify,aileron_controller2_bus,aileron1,28,RequestService,aileron1#11,,SERVICE,
36,0.036,B,service,aileron_controller2_bus,aileron1,28,RequestService,aileron1#11,,SERVICE,,218,_valueCurrent=,-26.299999999999994,valueTarget=,-30.0,_speedCurrent=,0.7999999999999999,speedChange=DECELERATING,_isTerminating=false,isArrived=false
36,0.036,B,notify,aileron_controller2_bus,aileron2,28,RequestService,aileron2#18,,SERVICE,
36,0.036,B,service,aileron_controller2_bus,aileron2,28,RequestService,aileron2#18,,SERVICE,,219,_valueCurrent=,26.299999999999994,valueTarget=,30.0,_speedCurrent=,0.7999999999999999,speedChange=DECELERATING,_isTerminating=false,isArrived=false
36,0.036,B,notify,aileron_controller2_bus,aileron3,28,RequestService,aileron3#12,,SERVICE,
36,0.036,B,service,aileron_controller2_bus,aileron3,28,RequestService,aileron3#12,,SERVICE,,220,_valueCurrent=,-29.7,valueTarget=,-30.0,_speedCurrent=,0.15,speedChange=NONE,_isTerminating=false,isArrived=false
36,0.036,B,notify,aileron_controller2_bus,aileron4,28,RequestService,aileron4#17,,SERVICE,
36,0.036,B,service,aileron_controller2_bus,aileron4,28,RequestService,aileron4#17,,SERVICE,,221,_valueCurrent=,29.7,valueTarget=,30.0,_speedCurrent=,0.15,speedChange=NONE,_isTerminating=false,isArrived=false
36,0.036,B,notify,bs1,aileron_controller2,30,RequestService,aileron_controller2#1,,SERVICE,
37,0.037,B,notify,aileron_controller2_bus,aileron1,29,RequestService,aileron1#11,,SERVICE,
37,0.037,B,service,aileron_controller2_bus,aileron1,29,RequestService,aileron1#11,,SERVICE,,222,_valueCurrent=,-27.099999999999994,valueTarget=,-30.0,_speedCurrent=,0.7,speedChange=DECELERATING,_isTerminating=false,isArrived=false
37,0.037,B,notify,aileron_controller2_bus,aileron2,29,RequestService,aileron2#18,,SERVICE,
37,0.037,B,service,aileron_controller2_bus,aileron2,29,RequestService,aileron2#18,,SERVICE,,223,_valueCurrent=,27.099999999999994,valueTarget=,30.0,_speedCurrent=,0.7,speedChange=DECELERATING,_isTerminating=false,isArrived=false
37,0.037,B,notify,aileron_controller2_bus,aileron3,29,RequestService,aileron3#12,,SERVICE,
37,0.037,B,service,aileron_controller2_bus,aileron3,29,RequestService,aileron3#12,,SERVICE,,224,_valueCurrent=,-29.849999999999998,valueTarget=,-30.0,_speedCurrent=,0.15,speedChange=NONE,_isTerminating=false,isArrived=false
37,0.037,B,notify,aileron_controller2_bus,aileron4,29,RequestService,aileron4#17,,SERVICE,
37,0.037,B,service,aileron_controller2_bus,aileron4,29,RequestService,aileron4#17,,SERVICE,,225,_valueCurrent=,29.849999999999998,valueTarget=,30.0,_speedCurrent=,0.15,speedChange=NONE,_isTerminating=false,isArrived=false
37,0.037,B,notify,bs1,aileron_controller2,31,RequestService,aileron_controller2#1,,SERVICE,
38,0.038,B,notify,aileron_controller2_bus,aileron1,30,RequestService,aileron1#11,,SERVICE,
38,0.038,B,service,aileron_controller2_bus,aileron1,30,RequestService,aileron1#11,,SERVICE,,226,_valueCurrent=,-27.799999999999994,valueTarget=,-30.0,_speedCurrent=,0.6,speedChange=DECELERATING,_isTerminating=false,isArrived=false
38,0.038,B,notify,aileron_controller2_bus,aileron2,30,RequestService,aileron2#18,,SERVICE,
38,0.038,B,service,aileron_controller2_bus,aileron2,30,RequestService,aileron2#18,,SERVICE,,227,_valueCurrent=,27.799999999999994,valueTarget=,30.0,_speedCurrent=,0.6,speedChange=DECELERATING,_isTerminating=false,isArrived=false
38,0.038,B,notify,aileron_controller2_bus,aileron3,30,RequestService,aileron3#12,,SERVICE,
38,0.038,B,service,aileron_controller2_bus,aileron3,30,RequestService,aileron3#12,,SERVICE,,228,_valueCurrent=,-29.999999999999996,valueTarget=,-30.0,_speedCurrent=,0.15,speedChange=NONE,_isTerminating=false,isArrived=false
38,0.038,B,notify,aileron_controller2_bus,aileron4,30,RequestService,aileron4#17,,SERVICE,
38,0.038,B,service,aileron_controller2_bus,aileron4,30,RequestService,aileron4#17,,SERVICE,,229,_valueCurrent=,29.999999999999996,valueTarget=,30.0,_speedCurrent=,0.15,speedChange=NONE,_isTerminating=false,isArrived=false
38,0.038,B,notify,bs1,aileron_controller2,32,RequestService,aileron_controller2#1,,SERVICE,
39,0.039,B,notify,aileron_controller2_bus,aileron1,31,RequestService,aileron1#11,,SERVICE,
39,0.039,B,service,aileron_controller2_bus,aileron1,31,RequestService,aileron1#11,,SERVICE,,230,_valueCurrent=,-28.399999999999995,valueTarget=,-30.0,_speedCurrent=,0.5,speedChange=DECELERATING,_isTerminating=false,isArrived=false
39,0.039,B,notify,aileron_controller2_bus,aileron2,31,RequestService,aileron2#18,,SERVICE,
39,0.039,B,service,aileron_controller2_bus,aileron2,31,RequestService,aileron2#18,,SERVICE,,231,_valueCurrent=,28.399999999999995,valueTarget=,30.0,_speedCurrent=,0.5,speedChange=DECELERATING,_isTerminating=false,isArrived=false
39,0.039,B,notify,aileron_controller2_bus,aileron3,31,RequestService,aileron3#12,,SERVICE,
39,0.039,B,service,aileron_controller2_bus,aileron3,31,RequestService,aileron3#12,,SERVICE,,232,_valueCurrent=,-30.0,valueTarget=,-30.0,_speedCurrent=,0.15,speedChange=NONE,_isTerminating=false,isArrived=true
39,0.039,C,submit,aileron_controller2_bus,aileron3,0,RequestCancel,aileron3#31,aileron3#12,UNBOUND
39,0.039,B,notify,aileron_controller2_bus,aileron3,31,RequestService,aileron3#12,,CANCEL,
39,0.039,D,respond,aileron_controller2_bus,aileron3,0,RequestCancel,aileron3#31,aileron3#12,,ACCEPTED_SERVICING
39,0.039,B,notify,aileron_controller2_bus,aileron4,31,RequestService,aileron4#17,,SERVICE,
39,0.039,B,service,aileron_controller2_bus,aileron4,31,RequestService,aileron4#17,,SERVICE,,233,_valueCurrent=,30.0,valueTarget=,30.0,_speedCurrent=,0.15,speedChange=NONE,_isTerminating=false,isArrived=true
39,0.039,C,submit,aileron_controller2_bus,aileron4,0,RequestCancel,aileron4#32,aileron4#17,UNBOUND
39,0.039,B,notify,aileron_controller2_bus,aileron4,31,RequestService,aileron4#17,,CANCEL,
39,0.039,D,respond,aileron_controller2_bus,aileron4,0,RequestCancel,aileron4#32,aileron4#17,,ACCEPTED_SERVICING
39,0.039,B,notify,bs1,aileron_controller2,33,RequestService,aileron_controller2#1,,SERVICE,
40,0.040,B,notify,aileron_controller2_bus,aileron1,32,RequestService,aileron1#11,,SERVICE,
40,0.040,B,service,aileron_controller2_bus,aileron1,32,RequestService,aileron1#11,,SERVICE,,234,_valueCurrent=,-28.899999999999995,valueTarget=,-30.0,_speedCurrent=,0.4,speedChange=DECELERATING,_isTerminating=false,isArrived=false
40,0.040,B,notify,aileron_controller2_bus,aileron2,32,RequestService,aileron2#18,,SERVICE,
40,0.040,B,service,aileron_controller2_bus,aileron2,32,RequestService,aileron2#18,,SERVICE,,235,_valueCurrent=,28.899999999999995,valueTarget=,30.0,_speedCurrent=,0.4,speedChange=DECELERATING,_isTerminating=false,isArrived=false
40,0.040,B,notify,bs1,aileron_controller2,34,RequestService,aileron_controller2#1,,SERVICE,
41,0.041,B,notify,aileron_controller2_bus,aileron1,33,RequestService,aileron1#11,,SERVICE,
41,0.041,B,service,aileron_controller2_bus,aileron1,33,RequestService,aileron1#11,,SERVICE,,236,_valueCurrent=,-29.299999999999994,valueTarget=,-30.0,_speedCurrent=,0.30000000000000004,speedChange=DECELERATING,_isTerminating=false,isArrived=false
41,0.041,B,notify,aileron_controller2_bus,aileron2,33,RequestService,aileron2#18,,SERVICE,
41,0.041,B,service,aileron_controller2_bus,aileron2,33,RequestService,aileron2#18,,SERVICE,,237,_valueCurrent=,29.299999999999994,valueTarget=,30.0,_speedCurrent=,0.30000000000000004,speedChange=DECELERATING,_isTerminating=false,isArrived=false
41,0.041,B,notify,bs1,aileron_controller2,35,RequestService,aileron_controller2#1,,SERVICE,
42,0.042,B,notify,aileron_controller2_bus,aileron1,34,RequestService,aileron1#11,,SERVICE,
42,0.042,B,service,aileron_controller2_bus,aileron1,34,RequestService,aileron1#11,,SERVICE,,238,_valueCurrent=,-29.599999999999994,valueTarget=,-30.0,_speedCurrent=,0.20000000000000004,speedChange=DECELERATING,_isTerminating=false,isArrived=false
42,0.042,B,notify,aileron_controller2_bus,aileron2,34,RequestService,aileron2#18,,SERVICE,
42,0.042,B,service,aileron_controller2_bus,aileron2,34,RequestService,aileron2#18,,SERVICE,,239,_valueCurrent=,29.599999999999994,valueTarget=,30.0,_speedCurrent=,0.20000000000000004,speedChange=DECELERATING,_isTerminating=false,isArrived=false
42,0.042,B,notify,bs1,aileron_controller2,36,RequestService,aileron_controller2#1,,SERVICE,
43,0.043,B,notify,aileron_controller2_bus,aileron1,35,RequestService,aileron1#11,,SERVICE,
43,0.043,B,service,aileron_controller2_bus,aileron1,35,RequestService,aileron1#11,,SERVICE,,240,_valueCurrent=,-29.799999999999994,valueTarget=,-30.0,_speedCurrent=,0.10000000000000003,speedChange=DECELERATING,_isTerminating=false,isArrived=false
43,0.043,B,notify,aileron_controller2_bus,aileron2,35,RequestService,aileron2#18,,SERVICE,
43,0.043,B,service,aileron_controller2_bus,aileron2,35,RequestService,aileron2#18,,SERVICE,,241,_valueCurrent=,29.799999999999994,valueTarget=,30.0,_speedCurrent=,0.10000000000000003,speedChange=DECELERATING,_isTerminating=false,isArrived=false
43,0.043,B,notify,bs1,aileron_controller2,37,RequestService,aileron_controller2#1,,SERVICE,
44,0.044,B,notify,aileron_controller2_bus,aileron1,36,RequestService,aileron1#11,,SERVICE,
44,0.044,B,service,aileron_controller2_bus,aileron1,36,RequestService,aileron1#11,,SERVICE,,242,_valueCurrent=,-29.899999999999995,valueTarget=,-30.0,_speedCurrent=,0.1,speedChange=NONE,_isTerminating=false,isArrived=false
44,0.044,B,notify,aileron_controller2_bus,aileron2,36,RequestService,aileron2#18,,SERVICE,
44,0.044,B,service,aileron_controller2_bus,aileron2,36,RequestService,aileron2#18,,SERVICE,,243,_valueCurrent=,29.899999999999995,valueTarget=,30.0,_speedCurrent=,0.1,speedChange=NONE,_isTerminating=false,isArrived=false
44,0.044,B,notify,bs1,aileron_controller2,38,RequestService,aileron_controller2#1,,SERVICE,
45,0.045,B,notify,aileron_controller2_bus,aileron1,37,RequestService,aileron1#11,,SERVICE,
45,0.045,B,service,aileron_controller2_bus,aileron1,37,RequestService,aileron1#11,,SERVICE,,244,_valueCurrent=,-29.999999999999996,valueTarget=,-30.0,_speedCurrent=,0.1,speedChange=NONE,_isTerminating=false,isArrived=false
45,0.045,B,notify,aileron_controller2_bus,aileron2,37,RequestService,aileron2#18,,SERVICE,
45,0.045,B,service,aileron_controller2_bus,aileron2,37,RequestService,aileron2#18,,SERVICE,,245,_valueCurrent=,29.999999999999996,valueTarget=,30.0,_speedCurrent=,0.1,speedChange=NONE,_isTerminating=false,isArrived=false
45,0.045,B,notify,bs1,aileron_controller2,39,RequestService,aileron_controller2#1,,SERVICE,
46,0.046,B,notify,aileron_controller2_bus,aileron1,38,RequestService,aileron1#11,,SERVICE,
46,0.046,B,service,aileron_controller2_bus,aileron1,38,RequestService,aileron1#11,,SERVICE,,246,_valueCurrent=,-30.0,valueTarget=,-30.0,_speedCurrent=,0.1,speedChange=NONE,_isTerminating=false,isArrived=true
46,0.046,C,submit,aileron_controller2_bus,aileron1,0,RequestCancel,aileron1#33,aileron1#11,UNBOUND
46,0.046,B,notify,aileron_controller2_bus,aileron1,38,RequestService,aileron1#11,,CANCEL,
46,0.046,D,respond,aileron_controller2_bus,aileron1,0,RequestCancel,aileron1#33,aileron1#11,,ACCEPTED_SERVICING
46,0.046,B,notify,aileron_controller2_bus,aileron2,38,RequestService,aileron2#18,,SERVICE,
46,0.046,B,service,aileron_controller2_bus,aileron2,38,RequestService,aileron2#18,,SERVICE,,247,_valueCurrent=,30.0,valueTarget=,30.0,_speedCurrent=,0.1,speedChange=NONE,_isTerminating=false,isArrived=true
46,0.046,C,submit,aileron_controller2_bus,aileron2,0,RequestCancel,aileron2#34,aileron2#18,UNBOUND
46,0.046,B,notify,aileron_controller2_bus,aileron2,38,RequestService,aileron2#18,,CANCEL,
46,0.046,D,respond,aileron_controller2_bus,aileron2,0,RequestCancel,aileron2#34,aileron2#18,,ACCEPTED_SERVICING
46,0.046,B,notify,bs1,aileron_controller2,40,RequestService,aileron_controller2#1,,SERVICE,
47,0.047,B,notify,bs1,aileron_controller2,41,RequestService,aileron_controller2#1,,SERVICE,
48,0.048,B,notify,bs1,aileron_controller2,42,RequestService,aileron_controller2#1,,SERVICE,
49,0.049,B,notify,bs1,aileron_controller2,43,RequestService,aileron_controller2#1,,SERVICE,
50,0.050,B,notify,bs1,aileron_controller2,44,RequestService,aileron_controller2#1,,SERVICE,
51,0.051,B,notify,bs1,aileron_controller2,45,RequestService,aileron_controller2#1,,SERVICE,
52,0.052,B,notify,bs1,aileron_controller2,46,RequestService,aileron_controller2#1,,SERVICE,
53,0.053,B,notify,bs1,aileron_controller2,47,RequestService,aileron_controller2#1,,SERVICE,
54,0.054,B,notify,bs1,aileron_controller2,48,RequestService,aileron_controller2#1,,SERVICE,
55,0.055,B,notify,bs1,aileron_controller2,49,RequestService,aileron_controller2#1,,SERVICE,
56,0.056,B,notify,bs1,aileron_controller2,50,RequestService,aileron_controller2#1,,SERVICE,
57,0.057,B,notify,bs1,aileron_controller2,51,RequestService,aileron_controller2#1,,SERVICE,
58,0.058,B,notify,bs1,aileron_controller2,52,RequestService,aileron_controller2#1,,SERVICE,
